timestamp,value
2026-08-23T22:00:00Z,1.535746
2026-08-23T22:15:00Z,1.523843
2026-08-23T22:30:00Z,1.512779
2026-08-23T22:45:00Z,1.502603
2026-08-23T23:00:00Z,1.493358
2026-08-23T23:15:00Z,1.485083
2026-08-23T23:30:00Z,1.477814
2026-08-23T23:45:00Z,1.471582
2026-08-24T00:00:00Z,1.466414
2026-08-24T00:15:00Z,1.462332
2026-08-24T00:30:00Z,1.459354
2026-08-24T00:45:00Z,1.457491
2026-08-24T01:00:00Z,1.456753
2026-08-24T01:15:00Z,1.457141
2026-08-24T01:30:00Z,1.458656
2026-08-24T01:45:00Z,1.461289
2026-08-24T02:00:00Z,1.46503
2026-08-24T02:15:00Z,1.469864
2026-08-24T02:30:00Z,1.475768
2026-08-24T02:45:00Z,1.482718
2026-08-24T03:00:00Z,1.490684
2026-08-24T03:15:00Z,1.499632
2026-08-24T03:30:00Z,1.509524
2026-08-24T03:45:00Z,1.520317
2026-08-24T04:00:00Z,1.531965
2026-08-24T04:15:00Z,1.544419
2026-08-24T04:30:00Z,1.557624
2026-08-24T04:45:00Z,1.571524
2026-08-24T05:00:00Z,1.946061
2026-08-24T05:15:00Z,1.961171
2026-08-24T05:30:00Z,1.976789
2026-08-24T05:45:00Z,1.99285
2026-08-24T06:00:00Z,2.009284
2026-08-24T06:15:00Z,2.026021
2026-08-24T06:30:00Z,2.042989
2026-08-24T06:45:00Z,2.060115
2026-08-24T07:00:00Z,2.077326
2026-08-24T07:15:00Z,2.094549
2026-08-24T07:30:00Z,2.11171
2026-08-24T07:45:00Z,2.128735
2026-08-24T08:00:00Z,2.145551
2026-08-24T08:15:00Z,2.162086
2026-08-24T08:30:00Z,2.17827
2026-08-24T08:45:00Z,2.194033
2026-08-24T09:00:00Z,2.209308
2026-08-24T09:15:00Z,2.224029
2026-08-24T09:30:00Z,2.238134
2026-08-24T09:45:00Z,2.251561
2026-08-24T10:00:00Z,2.264254
2026-08-24T10:15:00Z,2.276157
2026-08-24T10:30:00Z,2.287221
2026-08-24T10:45:00Z,2.297397
2026-08-24T11:00:00Z,2.306642
2026-08-24T11:15:00Z,2.314917
2026-08-24T11:30:00Z,2.322186
2026-08-24T11:45:00Z,2.328418
2026-08-24T12:00:00Z,2.333586
2026-08-24T12:15:00Z,2.337668
2026-08-24T12:30:00Z,2.340646
2026-08-24T12:45:00Z,2.342509
2026-08-24T13:00:00Z,2.343247
2026-08-24T13:15:00Z,2.342859
2026-08-24T13:30:00Z,2.341344
2026-08-24T13:45:00Z,2.338711
2026-08-24T14:00:00Z,2.33497
2026-08-24T14:15:00Z,2.330136
2026-08-24T14:30:00Z,2.324232
2026-08-24T14:45:00Z,2.317282
2026-08-24T15:00:00Z,2.309316
2026-08-24T15:15:00Z,2.300368
2026-08-24T15:30:00Z,2.290476
2026-08-24T15:45:00Z,2.279683
2026-08-24T16:00:00Z,2.268035
2026-08-24T16:15:00Z,2.255581
2026-08-24T16:30:00Z,2.242376
2026-08-24T16:45:00Z,2.228476
2026-08-24T17:00:00Z,2.213939
2026-08-24T17:15:00Z,1.838829
2026-08-24T17:30:00Z,1.823211
2026-08-24T17:45:00Z,1.80715
2026-08-24T18:00:00Z,1.790716
2026-08-24T18:15:00Z,1.773979
2026-08-24T18:30:00Z,1.757011
2026-08-24T18:45:00Z,1.739885
2026-08-24T19:00:00Z,1.722674
2026-08-24T19:15:00Z,1.705451
2026-08-24T19:30:00Z,1.68829
2026-08-24T19:45:00Z,1.671265
2026-08-24T20:00:00Z,1.654449
2026-08-24T20:15:00Z,1.637914
2026-08-24T20:30:00Z,1.62173
2026-08-24T20:45:00Z,1.605967
2026-08-24T21:00:00Z,1.590692
2026-08-24T21:15:00Z,1.575971
2026-08-24T21:30:00Z,1.561866
2026-08-24T21:45:00Z,1.548439
2026-08-24T22:00:00Z,1.538746
2026-08-24T22:15:00Z,1.526843
2026-08-24T22:30:00Z,1.515779
2026-08-24T22:45:00Z,1.505603
2026-08-24T23:00:00Z,1.496358
2026-08-24T23:15:00Z,1.488083
2026-08-24T23:30:00Z,1.480814
2026-08-24T23:45:00Z,1.474582
2026-08-25T00:00:00Z,1.469414
2026-08-25T00:15:00Z,1.465332
2026-08-25T00:30:00Z,1.462354
2026-08-25T00:45:00Z,1.460491
2026-08-25T01:00:00Z,1.459753
2026-08-25T01:15:00Z,1.460141
2026-08-25T01:30:00Z,1.461656
2026-08-25T01:45:00Z,1.464289
2026-08-25T02:00:00Z,1.46803
2026-08-25T02:15:00Z,1.472864
2026-08-25T02:30:00Z,1.478768
2026-08-25T02:45:00Z,1.485718
2026-08-25T03:00:00Z,1.493684
2026-08-25T03:15:00Z,1.502632
2026-08-25T03:30:00Z,1.512524
2026-08-25T03:45:00Z,1.523317
2026-08-25T04:00:00Z,1.534965
2026-08-25T04:15:00Z,1.547419
2026-08-25T04:30:00Z,1.560624
2026-08-25T04:45:00Z,1.574524
2026-08-25T05:00:00Z,1.949061
2026-08-25T05:15:00Z,1.964171
2026-08-25T05:30:00Z,1.979789
2026-08-25T05:45:00Z,1.99585
2026-08-25T06:00:00Z,2.012284
2026-08-25T06:15:00Z,2.029021
2026-08-25T06:30:00Z,2.045989
2026-08-25T06:45:00Z,2.063115
2026-08-25T07:00:00Z,2.080326
2026-08-25T07:15:00Z,2.097549
2026-08-25T07:30:00Z,2.11471
2026-08-25T07:45:00Z,2.131735
2026-08-25T08:00:00Z,2.148551
2026-08-25T08:15:00Z,2.165086
2026-08-25T08:30:00Z,2.18127
2026-08-25T08:45:00Z,2.197033
2026-08-25T09:00:00Z,2.212308
2026-08-25T09:15:00Z,2.227029
2026-08-25T09:30:00Z,2.241134
2026-08-25T09:45:00Z,2.254561
2026-08-25T10:00:00Z,2.267254
2026-08-25T10:15:00Z,2.279157
2026-08-25T10:30:00Z,2.290221
2026-08-25T10:45:00Z,2.300397
2026-08-25T11:00:00Z,2.309642
2026-08-25T11:15:00Z,2.317917
2026-08-25T11:30:00Z,2.325186
2026-08-25T11:45:00Z,2.331418
2026-08-25T12:00:00Z,2.336586
2026-08-25T12:15:00Z,2.340668
2026-08-25T12:30:00Z,2.343646
2026-08-25T12:45:00Z,2.345509
2026-08-25T13:00:00Z,2.346247
2026-08-25T13:15:00Z,2.345859
2026-08-25T13:30:00Z,2.344344
2026-08-25T13:45:00Z,2.341711
2026-08-25T14:00:00Z,2.33797
2026-08-25T14:15:00Z,2.333136
2026-08-25T14:30:00Z,2.327232
2026-08-25T14:45:00Z,2.320282
2026-08-25T15:00:00Z,2.312316
2026-08-25T15:15:00Z,2.303368
2026-08-25T15:30:00Z,2.293476
2026-08-25T15:45:00Z,2.282683
2026-08-25T16:00:00Z,2.271035
2026-08-25T16:15:00Z,2.258581
2026-08-25T16:30:00Z,2.245376
2026-08-25T16:45:00Z,2.231476
2026-08-25T17:00:00Z,2.216939
2026-08-25T17:15:00Z,1.841829
2026-08-25T17:30:00Z,1.826211
2026-08-25T17:45:00Z,1.81015
2026-08-25T18:00:00Z,1.793716
2026-08-25T18:15:00Z,1.776979
2026-08-25T18:30:00Z,1.760011
2026-08-25T18:45:00Z,1.742885
2026-08-25T19:00:00Z,1.725674
2026-08-25T19:15:00Z,1.708451
2026-08-25T19:30:00Z,1.69129
2026-08-25T19:45:00Z,1.674265
2026-08-25T20:00:00Z,1.657449
2026-08-25T20:15:00Z,1.640914
2026-08-25T20:30:00Z,1.62473
2026-08-25T20:45:00Z,1.608967
2026-08-25T21:00:00Z,1.593692
2026-08-25T21:15:00Z,1.578971
2026-08-25T21:30:00Z,1.564866
2026-08-25T21:45:00Z,1.551439
2026-08-25T22:00:00Z,1.541746
2026-08-25T22:15:00Z,1.529843
2026-08-25T22:30:00Z,1.518779
2026-08-25T22:45:00Z,1.508603
2026-08-25T23:00:00Z,1.499358
2026-08-25T23:15:00Z,1.491083
2026-08-25T23:30:00Z,1.483814
2026-08-25T23:45:00Z,1.477582
2026-08-26T00:00:00Z,1.472414
2026-08-26T00:15:00Z,1.468332
2026-08-26T00:30:00Z,1.465354
2026-08-26T00:45:00Z,1.463491
2026-08-26T01:00:00Z,1.462753
2026-08-26T01:15:00Z,1.463141
2026-08-26T01:30:00Z,1.464656
2026-08-26T01:45:00Z,1.467289
2026-08-26T02:00:00Z,1.47103
2026-08-26T02:15:00Z,1.475864
2026-08-26T02:30:00Z,1.481768
2026-08-26T02:45:00Z,1.488718
2026-08-26T03:00:00Z,1.496684
2026-08-26T03:15:00Z,1.505632
2026-08-26T03:30:00Z,1.515524
2026-08-26T03:45:00Z,1.526317
2026-08-26T04:00:00Z,1.537965
2026-08-26T04:15:00Z,1.550419
2026-08-26T04:30:00Z,1.563624
2026-08-26T04:45:00Z,1.577524
2026-08-26T05:00:00Z,1.952061
2026-08-26T05:15:00Z,1.967171
2026-08-26T05:30:00Z,1.982789
2026-08-26T05:45:00Z,1.99885
2026-08-26T06:00:00Z,2.015284
2026-08-26T06:15:00Z,2.032021
2026-08-26T06:30:00Z,2.048989
2026-08-26T06:45:00Z,2.066115
2026-08-26T07:00:00Z,2.083326
2026-08-26T07:15:00Z,2.100549
2026-08-26T07:30:00Z,2.11771
2026-08-26T07:45:00Z,2.134735
2026-08-26T08:00:00Z,2.151551
2026-08-26T08:15:00Z,2.168086
2026-08-26T08:30:00Z,2.18427
2026-08-26T08:45:00Z,2.200033
2026-08-26T09:00:00Z,2.215308
2026-08-26T09:15:00Z,2.230029
2026-08-26T09:30:00Z,2.244134
2026-08-26T09:45:00Z,2.257561
2026-08-26T10:00:00Z,2.270254
2026-08-26T10:15:00Z,2.282157
2026-08-26T10:30:00Z,2.293221
2026-08-26T10:45:00Z,2.303397
2026-08-26T11:00:00Z,2.312642
2026-08-26T11:15:00Z,2.320917
2026-08-26T11:30:00Z,2.328186
2026-08-26T11:45:00Z,2.334418
2026-08-26T12:00:00Z,2.339586
2026-08-26T12:15:00Z,2.343668
2026-08-26T12:30:00Z,2.346646
2026-08-26T12:45:00Z,2.348509
2026-08-26T13:00:00Z,2.349247
2026-08-26T13:15:00Z,2.348859
2026-08-26T13:30:00Z,2.347344
2026-08-26T13:45:00Z,2.344711
2026-08-26T14:00:00Z,2.34097
2026-08-26T14:15:00Z,2.336136
2026-08-26T14:30:00Z,2.330232
2026-08-26T14:45:00Z,2.323282
2026-08-26T15:00:00Z,2.315316
2026-08-26T15:15:00Z,2.306368
2026-08-26T15:30:00Z,2.296476
2026-08-26T15:45:00Z,2.285683
2026-08-26T16:00:00Z,2.274035
2026-08-26T16:15:00Z,2.261581
2026-08-26T16:30:00Z,2.248376
2026-08-26T16:45:00Z,2.234476
2026-08-26T17:00:00Z,2.219939
2026-08-26T17:15:00Z,1.844829
2026-08-26T17:30:00Z,1.829211
2026-08-26T17:45:00Z,1.81315
2026-08-26T18:00:00Z,1.796716
2026-08-26T18:15:00Z,1.779979
2026-08-26T18:30:00Z,1.763011
2026-08-26T18:45:00Z,1.745885
2026-08-26T19:00:00Z,1.728674
2026-08-26T19:15:00Z,1.711451
2026-08-26T19:30:00Z,1.69429
2026-08-26T19:45:00Z,1.677265
2026-08-26T20:00:00Z,1.660449
2026-08-26T20:15:00Z,1.643914
2026-08-26T20:30:00Z,1.62773
2026-08-26T20:45:00Z,1.611967
2026-08-26T21:00:00Z,1.596692
2026-08-26T21:15:00Z,1.581971
2026-08-26T21:30:00Z,1.567866
2026-08-26T21:45:00Z,1.554439
2026-08-26T22:00:00Z,1.544746
2026-08-26T22:15:00Z,1.532843
2026-08-26T22:30:00Z,1.521779
2026-08-26T22:45:00Z,1.511603
2026-08-26T23:00:00Z,1.502358
2026-08-26T23:15:00Z,1.494083
2026-08-26T23:30:00Z,1.486814
2026-08-26T23:45:00Z,1.480582
2026-08-27T00:00:00Z,1.475414
2026-08-27T00:15:00Z,1.471332
2026-08-27T00:30:00Z,1.468354
2026-08-27T00:45:00Z,1.466491
2026-08-27T01:00:00Z,1.465753
2026-08-27T01:15:00Z,1.466141
2026-08-27T01:30:00Z,1.467656
2026-08-27T01:45:00Z,1.470289
2026-08-27T02:00:00Z,1.47403
2026-08-27T02:15:00Z,1.478864
2026-08-27T02:30:00Z,1.484768
2026-08-27T02:45:00Z,1.491718
2026-08-27T03:00:00Z,1.499684
2026-08-27T03:15:00Z,1.508632
2026-08-27T03:30:00Z,1.518524
2026-08-27T03:45:00Z,1.529317
2026-08-27T04:00:00Z,1.540965
2026-08-27T04:15:00Z,1.553419
2026-08-27T04:30:00Z,1.566624
2026-08-27T04:45:00Z,1.580524
2026-08-27T05:00:00Z,1.955061
2026-08-27T05:15:00Z,1.970171
2026-08-27T05:30:00Z,1.985789
2026-08-27T05:45:00Z,2.00185
2026-08-27T06:00:00Z,2.018284
2026-08-27T06:15:00Z,2.035021
2026-08-27T06:30:00Z,2.051989
2026-08-27T06:45:00Z,2.069115
2026-08-27T07:00:00Z,2.086326
2026-08-27T07:15:00Z,2.103549
2026-08-27T07:30:00Z,2.12071
2026-08-27T07:45:00Z,2.137735
2026-08-27T08:00:00Z,2.154551
2026-08-27T08:15:00Z,2.171086
2026-08-27T08:30:00Z,2.18727
2026-08-27T08:45:00Z,2.203033
2026-08-27T09:00:00Z,2.218308
2026-08-27T09:15:00Z,2.233029
2026-08-27T09:30:00Z,2.247134
2026-08-27T09:45:00Z,2.260561
2026-08-27T10:00:00Z,2.273254
2026-08-27T10:15:00Z,2.285157
2026-08-27T10:30:00Z,2.296221
2026-08-27T10:45:00Z,2.306397
2026-08-27T11:00:00Z,2.315642
2026-08-27T11:15:00Z,2.323917
2026-08-27T11:30:00Z,2.331186
2026-08-27T11:45:00Z,2.337418
2026-08-27T12:00:00Z,2.342586
2026-08-27T12:15:00Z,2.346668
2026-08-27T12:30:00Z,2.349646
2026-08-27T12:45:00Z,2.351509
2026-08-27T13:00:00Z,2.352247
2026-08-27T13:15:00Z,2.351859
2026-08-27T13:30:00Z,2.350344
2026-08-27T13:45:00Z,2.347711
2026-08-27T14:00:00Z,2.34397
2026-08-27T14:15:00Z,2.339136
2026-08-27T14:30:00Z,2.333232
2026-08-27T14:45:00Z,2.326282
2026-08-27T15:00:00Z,2.318316
2026-08-27T15:15:00Z,2.309368
2026-08-27T15:30:00Z,2.299476
2026-08-27T15:45:00Z,2.288683
2026-08-27T16:00:00Z,2.277035
2026-08-27T16:15:00Z,2.264581
2026-08-27T16:30:00Z,2.251376
2026-08-27T16:45:00Z,2.237476
2026-08-27T17:00:00Z,2.222939
2026-08-27T17:15:00Z,1.847829
2026-08-27T17:30:00Z,1.832211
2026-08-27T17:45:00Z,1.81615
2026-08-27T18:00:00Z,1.799716
2026-08-27T18:15:00Z,1.782979
2026-08-27T18:30:00Z,1.766011
2026-08-27T18:45:00Z,1.748885
2026-08-27T19:00:00Z,1.731674
2026-08-27T19:15:00Z,1.714451
2026-08-27T19:30:00Z,1.69729
2026-08-27T19:45:00Z,1.680265
2026-08-27T20:00:00Z,1.663449
2026-08-27T20:15:00Z,1.646914
2026-08-27T20:30:00Z,1.63073
2026-08-27T20:45:00Z,1.614967
2026-08-27T21:00:00Z,1.599692
2026-08-27T21:15:00Z,1.584971
2026-08-27T21:30:00Z,1.570866
2026-08-27T21:45:00Z,1.557439
2026-08-27T22:00:00Z,1.547746
2026-08-27T22:15:00Z,1.535843
2026-08-27T22:30:00Z,1.524779
2026-08-27T22:45:00Z,1.514603
2026-08-27T23:00:00Z,1.505358
2026-08-27T23:15:00Z,1.497083
2026-08-27T23:30:00Z,1.489814
2026-08-27T23:45:00Z,1.483582
2026-08-28T00:00:00Z,1.478414
2026-08-28T00:15:00Z,1.474332
2026-08-28T00:30:00Z,1.471354
2026-08-28T00:45:00Z,1.469491
2026-08-28T01:00:00Z,1.468753
2026-08-28T01:15:00Z,1.469141
2026-08-28T01:30:00Z,1.470656
2026-08-28T01:45:00Z,1.473289
2026-08-28T02:00:00Z,1.47703
2026-08-28T02:15:00Z,1.481864
2026-08-28T02:30:00Z,1.487768
2026-08-28T02:45:00Z,1.494718
2026-08-28T03:00:00Z,1.502684
2026-08-28T03:15:00Z,1.511632
2026-08-28T03:30:00Z,1.521524
2026-08-28T03:45:00Z,1.532317
2026-08-28T04:00:00Z,1.543965
2026-08-28T04:15:00Z,1.556419
2026-08-28T04:30:00Z,1.569624
2026-08-28T04:45:00Z,1.583524
2026-08-28T05:00:00Z,1.958061
2026-08-28T05:15:00Z,1.973171
2026-08-28T05:30:00Z,1.988789
2026-08-28T05:45:00Z,2.00485
2026-08-28T06:00:00Z,2.021284
2026-08-28T06:15:00Z,2.038021
2026-08-28T06:30:00Z,2.054989
2026-08-28T06:45:00Z,2.072115
2026-08-28T07:00:00Z,2.089326
2026-08-28T07:15:00Z,2.106549
2026-08-28T07:30:00Z,2.12371
2026-08-28T07:45:00Z,2.140735
2026-08-28T08:00:00Z,2.157551
2026-08-28T08:15:00Z,2.174086
2026-08-28T08:30:00Z,2.19027
2026-08-28T08:45:00Z,2.206033
2026-08-28T09:00:00Z,2.221308
2026-08-28T09:15:00Z,2.236029
2026-08-28T09:30:00Z,2.250134
2026-08-28T09:45:00Z,2.263561
2026-08-28T10:00:00Z,2.276254
2026-08-28T10:15:00Z,2.288157
2026-08-28T10:30:00Z,2.299221
2026-08-28T10:45:00Z,2.309397
2026-08-28T11:00:00Z,2.318642
2026-08-28T11:15:00Z,2.326917
2026-08-28T11:30:00Z,2.334186
2026-08-28T11:45:00Z,2.340418
2026-08-28T12:00:00Z,2.345586
2026-08-28T12:15:00Z,2.349668
2026-08-28T12:30:00Z,2.352646
2026-08-28T12:45:00Z,2.354509
2026-08-28T13:00:00Z,2.355247
2026-08-28T13:15:00Z,2.354859
2026-08-28T13:30:00Z,2.353344
2026-08-28T13:45:00Z,2.350711
2026-08-28T14:00:00Z,2.34697
2026-08-28T14:15:00Z,2.342136
2026-08-28T14:30:00Z,2.336232
2026-08-28T14:45:00Z,2.329282
2026-08-28T15:00:00Z,2.321316
2026-08-28T15:15:00Z,2.312368
2026-08-28T15:30:00Z,2.302476
2026-08-28T15:45:00Z,2.291683
2026-08-28T16:00:00Z,2.280035
2026-08-28T16:15:00Z,2.267581
2026-08-28T16:30:00Z,2.254376
2026-08-28T16:45:00Z,2.240476
2026-08-28T17:00:00Z,2.225939
2026-08-28T17:15:00Z,1.850829
2026-08-28T17:30:00Z,1.835211
2026-08-28T17:45:00Z,1.81915
2026-08-28T18:00:00Z,1.802716
2026-08-28T18:15:00Z,1.785979
2026-08-28T18:30:00Z,1.769011
2026-08-28T18:45:00Z,1.751885
2026-08-28T19:00:00Z,1.734674
2026-08-28T19:15:00Z,1.717451
2026-08-28T19:30:00Z,1.70029
2026-08-28T19:45:00Z,1.683265
2026-08-28T20:00:00Z,1.666449
2026-08-28T20:15:00Z,1.649914
2026-08-28T20:30:00Z,1.63373
2026-08-28T20:45:00Z,1.617967
2026-08-28T21:00:00Z,1.602692
2026-08-28T21:15:00Z,1.587971
2026-08-28T21:30:00Z,1.573866
2026-08-28T21:45:00Z,1.560439
2026-08-28T22:00:00Z,1.370746
2026-08-28T22:15:00Z,1.358843
2026-08-28T22:30:00Z,1.347779
2026-08-28T22:45:00Z,1.337603
2026-08-28T23:00:00Z,1.328358
2026-08-28T23:15:00Z,1.320083
2026-08-28T23:30:00Z,1.312814
2026-08-28T23:45:00Z,1.306582
2026-08-29T00:00:00Z,1.301414
2026-08-29T00:15:00Z,1.297332
2026-08-29T00:30:00Z,1.294354
2026-08-29T00:45:00Z,1.292491
2026-08-29T01:00:00Z,1.291753
2026-08-29T01:15:00Z,1.292141
2026-08-29T01:30:00Z,1.293656
2026-08-29T01:45:00Z,1.296289
2026-08-29T02:00:00Z,1.30003
2026-08-29T02:15:00Z,1.304864
2026-08-29T02:30:00Z,1.310768
2026-08-29T02:45:00Z,1.317718
2026-08-29T03:00:00Z,1.325684
2026-08-29T03:15:00Z,1.334632
2026-08-29T03:30:00Z,1.344524
2026-08-29T03:45:00Z,1.355317
2026-08-29T04:00:00Z,1.366965
2026-08-29T04:15:00Z,1.379419
2026-08-29T04:30:00Z,1.392624
2026-08-29T04:45:00Z,1.406524
2026-08-29T05:00:00Z,1.421061
2026-08-29T05:15:00Z,1.436171
2026-08-29T05:30:00Z,1.451789
2026-08-29T05:45:00Z,1.46785
2026-08-29T06:00:00Z,1.484284
2026-08-29T06:15:00Z,1.501021
2026-08-29T06:30:00Z,1.517989
2026-08-29T06:45:00Z,1.535115
2026-08-29T07:00:00Z,1.552326
2026-08-29T07:15:00Z,1.569549
2026-08-29T07:30:00Z,1.58671
2026-08-29T07:45:00Z,1.603735
2026-08-29T08:00:00Z,1.620551
2026-08-29T08:15:00Z,1.637086
2026-08-29T08:30:00Z,1.65327
2026-08-29T08:45:00Z,1.669033
2026-08-29T09:00:00Z,1.684308
2026-08-29T09:15:00Z,1.699029
2026-08-29T09:30:00Z,1.713134
2026-08-29T09:45:00Z,1.726561
2026-08-29T10:00:00Z,1.739254
2026-08-29T10:15:00Z,1.751157
2026-08-29T10:30:00Z,1.762221
2026-08-29T10:45:00Z,1.772397
2026-08-29T11:00:00Z,1.781642
2026-08-29T11:15:00Z,1.789917
2026-08-29T11:30:00Z,1.797186
2026-08-29T11:45:00Z,1.803418
2026-08-29T12:00:00Z,1.808586
2026-08-29T12:15:00Z,1.812668
2026-08-29T12:30:00Z,1.815646
2026-08-29T12:45:00Z,1.817509
2026-08-29T13:00:00Z,1.818247
2026-08-29T13:15:00Z,1.817859
2026-08-29T13:30:00Z,1.816344
2026-08-29T13:45:00Z,1.813711
2026-08-29T14:00:00Z,1.80997
2026-08-29T14:15:00Z,1.805136
2026-08-29T14:30:00Z,1.799232
2026-08-29T14:45:00Z,1.792282
2026-08-29T15:00:00Z,1.784316
2026-08-29T15:15:00Z,1.775368
2026-08-29T15:30:00Z,1.765476
2026-08-29T15:45:00Z,1.754683
2026-08-29T16:00:00Z,1.743035
2026-08-29T16:15:00Z,1.730581
2026-08-29T16:30:00Z,1.717376
2026-08-29T16:45:00Z,1.703476
2026-08-29T17:00:00Z,1.688939
2026-08-29T17:15:00Z,1.673829
2026-08-29T17:30:00Z,1.658211
2026-08-29T17:45:00Z,1.64215
2026-08-29T18:00:00Z,1.625716
2026-08-29T18:15:00Z,1.608979
2026-08-29T18:30:00Z,1.592011
2026-08-29T18:45:00Z,1.574885
2026-08-29T19:00:00Z,1.557674
2026-08-29T19:15:00Z,1.540451
2026-08-29T19:30:00Z,1.52329
2026-08-29T19:45:00Z,1.506265
2026-08-29T20:00:00Z,1.489449
2026-08-29T20:15:00Z,1.472914
2026-08-29T20:30:00Z,1.45673
2026-08-29T20:45:00Z,1.440967
2026-08-29T21:00:00Z,1.425692
2026-08-29T21:15:00Z,1.410971
2026-08-29T21:30:00Z,1.396866
2026-08-29T21:45:00Z,1.383439
2026-08-29T22:00:00Z,1.373746
2026-08-29T22:15:00Z,1.361843
2026-08-29T22:30:00Z,1.350779
2026-08-29T22:45:00Z,1.340603
2026-08-29T23:00:00Z,1.331358
2026-08-29T23:15:00Z,1.323083
2026-08-29T23:30:00Z,1.315814
2026-08-29T23:45:00Z,1.309582
2026-08-30T00:00:00Z,1.304414
2026-08-30T00:15:00Z,1.300332
2026-08-30T00:30:00Z,1.297354
2026-08-30T00:45:00Z,1.295491
2026-08-30T01:00:00Z,1.294753
2026-08-30T01:15:00Z,1.295141
2026-08-30T01:30:00Z,1.296656
2026-08-30T01:45:00Z,1.299289
2026-08-30T02:00:00Z,1.30303
2026-08-30T02:15:00Z,1.307864
2026-08-30T02:30:00Z,1.313768
2026-08-30T02:45:00Z,1.320718
2026-08-30T03:00:00Z,1.328684
2026-08-30T03:15:00Z,1.337632
2026-08-30T03:30:00Z,1.347524
2026-08-30T03:45:00Z,1.358317
2026-08-30T04:00:00Z,1.369965
2026-08-30T04:15:00Z,1.382419
2026-08-30T04:30:00Z,1.395624
2026-08-30T04:45:00Z,1.409524
2026-08-30T05:00:00Z,1.424061
2026-08-30T05:15:00Z,1.439171
2026-08-30T05:30:00Z,1.454789
2026-08-30T05:45:00Z,1.47085
2026-08-30T06:00:00Z,1.487284
2026-08-30T06:15:00Z,1.504021
2026-08-30T06:30:00Z,1.520989
2026-08-30T06:45:00Z,1.538115
2026-08-30T07:00:00Z,1.555326
2026-08-30T07:15:00Z,1.572549
2026-08-30T07:30:00Z,1.58971
2026-08-30T07:45:00Z,1.606735
2026-08-30T08:00:00Z,1.623551
2026-08-30T08:15:00Z,1.640086
2026-08-30T08:30:00Z,1.65627
2026-08-30T08:45:00Z,1.672033
2026-08-30T09:00:00Z,1.687308
2026-08-30T09:15:00Z,1.702029
2026-08-30T09:30:00Z,1.716134
2026-08-30T09:45:00Z,1.729561
2026-08-30T10:00:00Z,1.742254
2026-08-30T10:15:00Z,1.754157
2026-08-30T10:30:00Z,1.765221
2026-08-30T10:45:00Z,1.775397
2026-08-30T11:00:00Z,1.784642
2026-08-30T11:15:00Z,1.792917
2026-08-30T11:30:00Z,1.800186
2026-08-30T11:45:00Z,1.806418
2026-08-30T12:00:00Z,1.811586
2026-08-30T12:15:00Z,1.815668
2026-08-30T12:30:00Z,1.818646
2026-08-30T12:45:00Z,1.820509
2026-08-30T13:00:00Z,1.821247
2026-08-30T13:15:00Z,1.820859
2026-08-30T13:30:00Z,1.819344
2026-08-30T13:45:00Z,1.816711
2026-08-30T14:00:00Z,1.81297
2026-08-30T14:15:00Z,1.808136
2026-08-30T14:30:00Z,1.802232
2026-08-30T14:45:00Z,1.795282
2026-08-30T15:00:00Z,1.787316
2026-08-30T15:15:00Z,1.778368
2026-08-30T15:30:00Z,1.768476
2026-08-30T15:45:00Z,1.757683
2026-08-30T16:00:00Z,1.746035
2026-08-30T16:15:00Z,1.733581
2026-08-30T16:30:00Z,1.720376
2026-08-30T16:45:00Z,1.706476
2026-08-30T17:00:00Z,1.691939
2026-08-30T17:15:00Z,1.676829
2026-08-30T17:30:00Z,1.661211
2026-08-30T17:45:00Z,1.64515
2026-08-30T18:00:00Z,1.628716
2026-08-30T18:15:00Z,1.611979
2026-08-30T18:30:00Z,1.595011
2026-08-30T18:45:00Z,1.577885
2026-08-30T19:00:00Z,1.560674
2026-08-30T19:15:00Z,1.543451
2026-08-30T19:30:00Z,1.52629
2026-08-30T19:45:00Z,1.509265
2026-08-30T20:00:00Z,1.492449
2026-08-30T20:15:00Z,1.475914
2026-08-30T20:30:00Z,1.45973
2026-08-30T20:45:00Z,1.443967
2026-08-30T21:00:00Z,1.428692
2026-08-30T21:15:00Z,1.413971
2026-08-30T21:30:00Z,1.399866
2026-08-30T21:45:00Z,1.386439
2026-08-30T22:00:00Z,1.556746
2026-08-30T22:15:00Z,1.544843
2026-08-30T22:30:00Z,1.533779
2026-08-30T22:45:00Z,1.523603
2026-08-30T23:00:00Z,1.514358
2026-08-30T23:15:00Z,1.506083
2026-08-30T23:30:00Z,1.498814
2026-08-30T23:45:00Z,1.492582
2026-08-31T00:00:00Z,1.487414
2026-08-31T00:15:00Z,1.483332
2026-08-31T00:30:00Z,1.480354
2026-08-31T00:45:00Z,1.478491
2026-08-31T01:00:00Z,1.477753
2026-08-31T01:15:00Z,1.478141
2026-08-31T01:30:00Z,1.479656
2026-08-31T01:45:00Z,1.482289
2026-08-31T02:00:00Z,1.48603
2026-08-31T02:15:00Z,1.490864
2026-08-31T02:30:00Z,1.496768
2026-08-31T02:45:00Z,1.503718
2026-08-31T03:00:00Z,1.511684
2026-08-31T03:15:00Z,1.520632
2026-08-31T03:30:00Z,1.530524
2026-08-31T03:45:00Z,1.541317
2026-08-31T04:00:00Z,1.552965
2026-08-31T04:15:00Z,1.565419
2026-08-31T04:30:00Z,1.578624
2026-08-31T04:45:00Z,1.592524
2026-08-31T05:00:00Z,1.967061
2026-08-31T05:15:00Z,1.982171
2026-08-31T05:30:00Z,1.997789
2026-08-31T05:45:00Z,2.01385
2026-08-31T06:00:00Z,2.030284
2026-08-31T06:15:00Z,2.047021
2026-08-31T06:30:00Z,2.063989
2026-08-31T06:45:00Z,2.081115
2026-08-31T07:00:00Z,2.098326
2026-08-31T07:15:00Z,2.115549
2026-08-31T07:30:00Z,2.13271
2026-08-31T07:45:00Z,2.149735
2026-08-31T08:00:00Z,2.166551
2026-08-31T08:15:00Z,2.183086
2026-08-31T08:30:00Z,2.19927
2026-08-31T08:45:00Z,2.215033
2026-08-31T09:00:00Z,2.230308
2026-08-31T09:15:00Z,2.245029
2026-08-31T09:30:00Z,2.259134
2026-08-31T09:45:00Z,2.272561
2026-08-31T10:00:00Z,2.285254
2026-08-31T10:15:00Z,2.297157
2026-08-31T10:30:00Z,2.308221
2026-08-31T10:45:00Z,2.318397
2026-08-31T11:00:00Z,2.327642
2026-08-31T11:15:00Z,2.335917
2026-08-31T11:30:00Z,2.343186
2026-08-31T11:45:00Z,2.349418
2026-08-31T12:00:00Z,2.354586
2026-08-31T12:15:00Z,2.358668
2026-08-31T12:30:00Z,2.361646
2026-08-31T12:45:00Z,2.363509
2026-08-31T13:00:00Z,2.364247
2026-08-31T13:15:00Z,2.363859
2026-08-31T13:30:00Z,2.362344
2026-08-31T13:45:00Z,2.359711
2026-08-31T14:00:00Z,2.35597
2026-08-31T14:15:00Z,2.351136
2026-08-31T14:30:00Z,2.345232
2026-08-31T14:45:00Z,2.338282
2026-08-31T15:00:00Z,2.330316
2026-08-31T15:15:00Z,2.321368
2026-08-31T15:30:00Z,2.311476
2026-08-31T15:45:00Z,2.300683
2026-08-31T16:00:00Z,2.289035
2026-08-31T16:15:00Z,2.276581
2026-08-31T16:30:00Z,2.263376
2026-08-31T16:45:00Z,2.249476
2026-08-31T17:00:00Z,2.234939
2026-08-31T17:15:00Z,1.859829
2026-08-31T17:30:00Z,1.844211
2026-08-31T17:45:00Z,1.82815
2026-08-31T18:00:00Z,1.811716
2026-08-31T18:15:00Z,1.794979
2026-08-31T18:30:00Z,1.778011
2026-08-31T18:45:00Z,1.760885
2026-08-31T19:00:00Z,1.743674
2026-08-31T19:15:00Z,1.726451
2026-08-31T19:30:00Z,1.70929
2026-08-31T19:45:00Z,1.692265
2026-08-31T20:00:00Z,1.675449
2026-08-31T20:15:00Z,1.658914
2026-08-31T20:30:00Z,1.64273
2026-08-31T20:45:00Z,1.626967
2026-08-31T21:00:00Z,1.611692
2026-08-31T21:15:00Z,1.596971
2026-08-31T21:30:00Z,1.582866
2026-08-31T21:45:00Z,1.569439
2026-08-31T22:00:00Z,1.559746
2026-08-31T22:15:00Z,1.547843
2026-08-31T22:30:00Z,1.536779
2026-08-31T22:45:00Z,1.526603
2026-08-31T23:00:00Z,1.517358
2026-08-31T23:15:00Z,1.509083
2026-08-31T23:30:00Z,1.501814
2026-08-31T23:45:00Z,1.495582
2026-09-01T00:00:00Z,1.490414
2026-09-01T00:15:00Z,1.486332
2026-09-01T00:30:00Z,1.483354
2026-09-01T00:45:00Z,1.481491
2026-09-01T01:00:00Z,1.480753
2026-09-01T01:15:00Z,1.481141
2026-09-01T01:30:00Z,1.482656
2026-09-01T01:45:00Z,1.485289
2026-09-01T02:00:00Z,1.48903
2026-09-01T02:15:00Z,1.493864
2026-09-01T02:30:00Z,1.499768
2026-09-01T02:45:00Z,1.506718
2026-09-01T03:00:00Z,1.514684
2026-09-01T03:15:00Z,1.523632
2026-09-01T03:30:00Z,1.533524
2026-09-01T03:45:00Z,1.544317
2026-09-01T04:00:00Z,1.555965
2026-09-01T04:15:00Z,1.568419
2026-09-01T04:30:00Z,1.581624
2026-09-01T04:45:00Z,1.595524
2026-09-01T05:00:00Z,1.970061
2026-09-01T05:15:00Z,1.985171
2026-09-01T05:30:00Z,2.000789
2026-09-01T05:45:00Z,2.01685
2026-09-01T06:00:00Z,2.033284
2026-09-01T06:15:00Z,2.050021
2026-09-01T06:30:00Z,2.066989
2026-09-01T06:45:00Z,2.084115
2026-09-01T07:00:00Z,2.101326
2026-09-01T07:15:00Z,2.118549
2026-09-01T07:30:00Z,2.13571
2026-09-01T07:45:00Z,2.152735
2026-09-01T08:00:00Z,2.169551
2026-09-01T08:15:00Z,2.186086
2026-09-01T08:30:00Z,2.20227
2026-09-01T08:45:00Z,2.218033
2026-09-01T09:00:00Z,2.233308
2026-09-01T09:15:00Z,2.248029
2026-09-01T09:30:00Z,2.262134
2026-09-01T09:45:00Z,2.275561
2026-09-01T10:00:00Z,2.288254
2026-09-01T10:15:00Z,2.300157
2026-09-01T10:30:00Z,2.311221
2026-09-01T10:45:00Z,2.321397
2026-09-01T11:00:00Z,2.330642
2026-09-01T11:15:00Z,2.338917
2026-09-01T11:30:00Z,2.346186
2026-09-01T11:45:00Z,2.352418
2026-09-01T12:00:00Z,2.357586
2026-09-01T12:15:00Z,2.361668
2026-09-01T12:30:00Z,2.364646
2026-09-01T12:45:00Z,2.366509
2026-09-01T13:00:00Z,2.367247
2026-09-01T13:15:00Z,2.366859
2026-09-01T13:30:00Z,2.365344
2026-09-01T13:45:00Z,2.362711
2026-09-01T14:00:00Z,2.35897
2026-09-01T14:15:00Z,2.354136
2026-09-01T14:30:00Z,2.348232
2026-09-01T14:45:00Z,2.341282
2026-09-01T15:00:00Z,2.333316
2026-09-01T15:15:00Z,2.324368
2026-09-01T15:30:00Z,2.314476
2026-09-01T15:45:00Z,2.303683
2026-09-01T16:00:00Z,2.292035
2026-09-01T16:15:00Z,2.279581
2026-09-01T16:30:00Z,2.266376
2026-09-01T16:45:00Z,2.252476
2026-09-01T17:00:00Z,2.237939
2026-09-01T17:15:00Z,1.862829
2026-09-01T17:30:00Z,1.847211
2026-09-01T17:45:00Z,1.83115
2026-09-01T18:00:00Z,1.814716
2026-09-01T18:15:00Z,1.797979
2026-09-01T18:30:00Z,1.781011
2026-09-01T18:45:00Z,1.763885
2026-09-01T19:00:00Z,1.746674
2026-09-01T19:15:00Z,1.729451
2026-09-01T19:30:00Z,1.71229
2026-09-01T19:45:00Z,1.695265
2026-09-01T20:00:00Z,1.678449
2026-09-01T20:15:00Z,1.661914
2026-09-01T20:30:00Z,1.64573
2026-09-01T20:45:00Z,1.629967
2026-09-01T21:00:00Z,1.614692
2026-09-01T21:15:00Z,1.599971
2026-09-01T21:30:00Z,1.585866
2026-09-01T21:45:00Z,1.572439
2026-09-01T22:00:00Z,1.562746
2026-09-01T22:15:00Z,1.550843
2026-09-01T22:30:00Z,1.539779
2026-09-01T22:45:00Z,1.529603
2026-09-01T23:00:00Z,1.520358
2026-09-01T23:15:00Z,1.512083
2026-09-01T23:30:00Z,1.504814
2026-09-01T23:45:00Z,1.498582
2026-09-02T00:00:00Z,1.493414
2026-09-02T00:15:00Z,1.489332
2026-09-02T00:30:00Z,1.486354
2026-09-02T00:45:00Z,1.484491
2026-09-02T01:00:00Z,1.483753
2026-09-02T01:15:00Z,1.484141
2026-09-02T01:30:00Z,1.485656
2026-09-02T01:45:00Z,1.488289
2026-09-02T02:00:00Z,1.49203
2026-09-02T02:15:00Z,1.496864
2026-09-02T02:30:00Z,1.502768
2026-09-02T02:45:00Z,1.509718
2026-09-02T03:00:00Z,1.517684
2026-09-02T03:15:00Z,1.526632
2026-09-02T03:30:00Z,1.536524
2026-09-02T03:45:00Z,1.547317
2026-09-02T04:00:00Z,1.558965
2026-09-02T04:15:00Z,1.571419
2026-09-02T04:30:00Z,1.584624
2026-09-02T04:45:00Z,1.598524
2026-09-02T05:00:00Z,1.973061
2026-09-02T05:15:00Z,1.988171
2026-09-02T05:30:00Z,2.003789
2026-09-02T05:45:00Z,2.01985
2026-09-02T06:00:00Z,2.036284
2026-09-02T06:15:00Z,2.053021
2026-09-02T06:30:00Z,2.069989
2026-09-02T06:45:00Z,2.087115
2026-09-02T07:00:00Z,2.104326
2026-09-02T07:15:00Z,2.121549
2026-09-02T07:30:00Z,2.13871
2026-09-02T07:45:00Z,2.155735
2026-09-02T08:00:00Z,2.172551
2026-09-02T08:15:00Z,2.189086
2026-09-02T08:30:00Z,2.20527
2026-09-02T08:45:00Z,2.221033
2026-09-02T09:00:00Z,2.236308
2026-09-02T09:15:00Z,2.251029
2026-09-02T09:30:00Z,2.265134
2026-09-02T09:45:00Z,2.278561
2026-09-02T10:00:00Z,2.291254
2026-09-02T10:15:00Z,2.303157
2026-09-02T10:30:00Z,2.314221
2026-09-02T10:45:00Z,2.324397
2026-09-02T11:00:00Z,2.333642
2026-09-02T11:15:00Z,2.341917
2026-09-02T11:30:00Z,2.349186
2026-09-02T11:45:00Z,2.355418
2026-09-02T12:00:00Z,2.360586
2026-09-02T12:15:00Z,2.364668
2026-09-02T12:30:00Z,2.367646
2026-09-02T12:45:00Z,2.369509
2026-09-02T13:00:00Z,2.370247
2026-09-02T13:15:00Z,2.369859
2026-09-02T13:30:00Z,2.368344
2026-09-02T13:45:00Z,2.365711
2026-09-02T14:00:00Z,2.36197
2026-09-02T14:15:00Z,2.357136
2026-09-02T14:30:00Z,2.351232
2026-09-02T14:45:00Z,2.344282
2026-09-02T15:00:00Z,2.336316
2026-09-02T15:15:00Z,2.327368
2026-09-02T15:30:00Z,2.317476
2026-09-02T15:45:00Z,2.306683
2026-09-02T16:00:00Z,2.295035
2026-09-02T16:15:00Z,2.282581
2026-09-02T16:30:00Z,2.269376
2026-09-02T16:45:00Z,2.255476
2026-09-02T17:00:00Z,2.240939
2026-09-02T17:15:00Z,1.865829
2026-09-02T17:30:00Z,1.850211
2026-09-02T17:45:00Z,1.83415
2026-09-02T18:00:00Z,1.817716
2026-09-02T18:15:00Z,1.800979
2026-09-02T18:30:00Z,1.784011
2026-09-02T18:45:00Z,1.766885
2026-09-02T19:00:00Z,1.749674
2026-09-02T19:15:00Z,1.732451
2026-09-02T19:30:00Z,1.71529
2026-09-02T19:45:00Z,1.698265
2026-09-02T20:00:00Z,1.681449
2026-09-02T20:15:00Z,1.664914
2026-09-02T20:30:00Z,1.64873
2026-09-02T20:45:00Z,1.632967
2026-09-02T21:00:00Z,1.617692
2026-09-02T21:15:00Z,1.602971
2026-09-02T21:30:00Z,1.588866
2026-09-02T21:45:00Z,1.575439
2026-09-02T22:00:00Z,1.565746
2026-09-02T22:15:00Z,1.553843
2026-09-02T22:30:00Z,1.542779
2026-09-02T22:45:00Z,1.532603
2026-09-02T23:00:00Z,1.523358
2026-09-02T23:15:00Z,1.515083
2026-09-02T23:30:00Z,1.507814
2026-09-02T23:45:00Z,1.501582
2026-09-03T00:00:00Z,1.496414
2026-09-03T00:15:00Z,1.492332
2026-09-03T00:30:00Z,1.489354
2026-09-03T00:45:00Z,1.487491
2026-09-03T01:00:00Z,1.486753
2026-09-03T01:15:00Z,1.487141
2026-09-03T01:30:00Z,1.488656
2026-09-03T01:45:00Z,1.491289
2026-09-03T02:00:00Z,1.49503
2026-09-03T02:15:00Z,1.499864
2026-09-03T02:30:00Z,1.505768
2026-09-03T02:45:00Z,1.512718
2026-09-03T03:00:00Z,1.520684
2026-09-03T03:15:00Z,1.529632
2026-09-03T03:30:00Z,1.539524
2026-09-03T03:45:00Z,1.550317
2026-09-03T04:00:00Z,1.561965
2026-09-03T04:15:00Z,1.574419
2026-09-03T04:30:00Z,1.587624
2026-09-03T04:45:00Z,1.601524
2026-09-03T05:00:00Z,1.976061
2026-09-03T05:15:00Z,1.991171
2026-09-03T05:30:00Z,2.006789
2026-09-03T05:45:00Z,2.02285
2026-09-03T06:00:00Z,2.039284
2026-09-03T06:15:00Z,2.056021
2026-09-03T06:30:00Z,2.072989
2026-09-03T06:45:00Z,2.090115
2026-09-03T07:00:00Z,2.107326
2026-09-03T07:15:00Z,2.124549
2026-09-03T07:30:00Z,2.14171
2026-09-03T07:45:00Z,2.158735
2026-09-03T08:00:00Z,2.175551
2026-09-03T08:15:00Z,2.192086
2026-09-03T08:30:00Z,2.20827
2026-09-03T08:45:00Z,2.224033
2026-09-03T09:00:00Z,2.239308
2026-09-03T09:15:00Z,2.254029
2026-09-03T09:30:00Z,2.268134
2026-09-03T09:45:00Z,2.281561
2026-09-03T10:00:00Z,2.294254
2026-09-03T10:15:00Z,2.306157
2026-09-03T10:30:00Z,2.317221
2026-09-03T10:45:00Z,2.327397
2026-09-03T11:00:00Z,2.336642
2026-09-03T11:15:00Z,2.344917
2026-09-03T11:30:00Z,2.352186
2026-09-03T11:45:00Z,2.358418
2026-09-03T12:00:00Z,2.363586
2026-09-03T12:15:00Z,2.367668
2026-09-03T12:30:00Z,2.370646
2026-09-03T12:45:00Z,2.372509
2026-09-03T13:00:00Z,2.373247
2026-09-03T13:15:00Z,2.372859
2026-09-03T13:30:00Z,2.371344
2026-09-03T13:45:00Z,2.368711
2026-09-03T14:00:00Z,2.36497
2026-09-03T14:15:00Z,2.360136
2026-09-03T14:30:00Z,2.354232
2026-09-03T14:45:00Z,2.347282
2026-09-03T15:00:00Z,2.339316
2026-09-03T15:15:00Z,2.330368
2026-09-03T15:30:00Z,2.320476
2026-09-03T15:45:00Z,2.309683
2026-09-03T16:00:00Z,2.298035
2026-09-03T16:15:00Z,2.285581
2026-09-03T16:30:00Z,2.272376
2026-09-03T16:45:00Z,2.258476
2026-09-03T17:00:00Z,2.243939
2026-09-03T17:15:00Z,1.868829
2026-09-03T17:30:00Z,1.853211
2026-09-03T17:45:00Z,1.83715
2026-09-03T18:00:00Z,1.820716
2026-09-03T18:15:00Z,1.803979
2026-09-03T18:30:00Z,1.787011
2026-09-03T18:45:00Z,1.769885
2026-09-03T19:00:00Z,1.752674
2026-09-03T19:15:00Z,1.735451
2026-09-03T19:30:00Z,1.71829
2026-09-03T19:45:00Z,1.701265
2026-09-03T20:00:00Z,1.684449
2026-09-03T20:15:00Z,1.667914
2026-09-03T20:30:00Z,1.65173
2026-09-03T20:45:00Z,1.635967
2026-09-03T21:00:00Z,1.620692
2026-09-03T21:15:00Z,1.605971
2026-09-03T21:30:00Z,1.591866
2026-09-03T21:45:00Z,1.578439
2026-09-03T22:00:00Z,1.568746
2026-09-03T22:15:00Z,1.556843
2026-09-03T22:30:00Z,1.545779
2026-09-03T22:45:00Z,1.535603
2026-09-03T23:00:00Z,1.526358
2026-09-03T23:15:00Z,1.518083
2026-09-03T23:30:00Z,1.510814
2026-09-03T23:45:00Z,1.504582
2026-09-04T00:00:00Z,1.499414
2026-09-04T00:15:00Z,1.495332
2026-09-04T00:30:00Z,1.492354
2026-09-04T00:45:00Z,1.490491
2026-09-04T01:00:00Z,1.489753
2026-09-04T01:15:00Z,1.490141
2026-09-04T01:30:00Z,1.491656
2026-09-04T01:45:00Z,1.494289
2026-09-04T02:00:00Z,1.49803
2026-09-04T02:15:00Z,1.502864
2026-09-04T02:30:00Z,1.508768
2026-09-04T02:45:00Z,1.515718
2026-09-04T03:00:00Z,1.523684
2026-09-04T03:15:00Z,1.532632
2026-09-04T03:30:00Z,1.542524
2026-09-04T03:45:00Z,1.553317
2026-09-04T04:00:00Z,1.564965
2026-09-04T04:15:00Z,1.577419
2026-09-04T04:30:00Z,1.590624
2026-09-04T04:45:00Z,1.604524
2026-09-04T05:00:00Z,1.979061
2026-09-04T05:15:00Z,1.994171
2026-09-04T05:30:00Z,2.009789
2026-09-04T05:45:00Z,2.02585
2026-09-04T06:00:00Z,2.042284
2026-09-04T06:15:00Z,2.059021
2026-09-04T06:30:00Z,2.075989
2026-09-04T06:45:00Z,2.093115
2026-09-04T07:00:00Z,2.110326
2026-09-04T07:15:00Z,2.127549
2026-09-04T07:30:00Z,2.14471
2026-09-04T07:45:00Z,2.161735
2026-09-04T08:00:00Z,2.178551
2026-09-04T08:15:00Z,2.195086
2026-09-04T08:30:00Z,2.21127
2026-09-04T08:45:00Z,2.227033
2026-09-04T09:00:00Z,2.242308
2026-09-04T09:15:00Z,2.257029
2026-09-04T09:30:00Z,2.271134
2026-09-04T09:45:00Z,2.284561
2026-09-04T10:00:00Z,2.297254
2026-09-04T10:15:00Z,2.309157
2026-09-04T10:30:00Z,2.320221
2026-09-04T10:45:00Z,2.330397
2026-09-04T11:00:00Z,2.339642
2026-09-04T11:15:00Z,2.347917
2026-09-04T11:30:00Z,2.355186
2026-09-04T11:45:00Z,2.361418
2026-09-04T12:00:00Z,2.366586
2026-09-04T12:15:00Z,2.370668
2026-09-04T12:30:00Z,2.373646
2026-09-04T12:45:00Z,2.375509
2026-09-04T13:00:00Z,2.376247
2026-09-04T13:15:00Z,2.375859
2026-09-04T13:30:00Z,2.374344
2026-09-04T13:45:00Z,2.371711
2026-09-04T14:00:00Z,2.36797
2026-09-04T14:15:00Z,2.363136
2026-09-04T14:30:00Z,2.357232
2026-09-04T14:45:00Z,2.350282
2026-09-04T15:00:00Z,2.342316
2026-09-04T15:15:00Z,2.333368
2026-09-04T15:30:00Z,2.323476
2026-09-04T15:45:00Z,2.312683
2026-09-04T16:00:00Z,2.301035
2026-09-04T16:15:00Z,2.288581
2026-09-04T16:30:00Z,2.275376
2026-09-04T16:45:00Z,2.261476
2026-09-04T17:00:00Z,2.246939
2026-09-04T17:15:00Z,1.871829
2026-09-04T17:30:00Z,1.856211
2026-09-04T17:45:00Z,1.84015
2026-09-04T18:00:00Z,1.823716
2026-09-04T18:15:00Z,1.806979
2026-09-04T18:30:00Z,1.790011
2026-09-04T18:45:00Z,1.772885
2026-09-04T19:00:00Z,1.755674
2026-09-04T19:15:00Z,1.738451
2026-09-04T19:30:00Z,1.72129
2026-09-04T19:45:00Z,1.704265
2026-09-04T20:00:00Z,1.687449
2026-09-04T20:15:00Z,1.670914
2026-09-04T20:30:00Z,1.65473
2026-09-04T20:45:00Z,1.638967
2026-09-04T21:00:00Z,1.623692
2026-09-04T21:15:00Z,1.608971
2026-09-04T21:30:00Z,1.594866
2026-09-04T21:45:00Z,1.581439
2026-09-04T22:00:00Z,1.391746
2026-09-04T22:15:00Z,1.379843
2026-09-04T22:30:00Z,1.368779
2026-09-04T22:45:00Z,1.358603
2026-09-04T23:00:00Z,1.349358
2026-09-04T23:15:00Z,1.341083
2026-09-04T23:30:00Z,1.333814
2026-09-04T23:45:00Z,1.327582
2026-09-05T00:00:00Z,1.322414
2026-09-05T00:15:00Z,1.318332
2026-09-05T00:30:00Z,1.315354
2026-09-05T00:45:00Z,1.313491
2026-09-05T01:00:00Z,1.312753
2026-09-05T01:15:00Z,1.313141
2026-09-05T01:30:00Z,1.314656
2026-09-05T01:45:00Z,1.317289
2026-09-05T02:00:00Z,1.32103
2026-09-05T02:15:00Z,1.325864
2026-09-05T02:30:00Z,1.331768
2026-09-05T02:45:00Z,1.338718
2026-09-05T03:00:00Z,1.346684
2026-09-05T03:15:00Z,1.355632
2026-09-05T03:30:00Z,1.365524
2026-09-05T03:45:00Z,1.376317
2026-09-05T04:00:00Z,1.387965
2026-09-05T04:15:00Z,1.400419
2026-09-05T04:30:00Z,1.413624
2026-09-05T04:45:00Z,1.427524
2026-09-05T05:00:00Z,1.442061
2026-09-05T05:15:00Z,1.457171
2026-09-05T05:30:00Z,1.472789
2026-09-05T05:45:00Z,1.48885
2026-09-05T06:00:00Z,1.505284
2026-09-05T06:15:00Z,1.522021
2026-09-05T06:30:00Z,1.538989
2026-09-05T06:45:00Z,1.556115
2026-09-05T07:00:00Z,1.573326
2026-09-05T07:15:00Z,1.590549
2026-09-05T07:30:00Z,1.60771
2026-09-05T07:45:00Z,1.624735
2026-09-05T08:00:00Z,1.641551
2026-09-05T08:15:00Z,1.658086
2026-09-05T08:30:00Z,1.67427
2026-09-05T08:45:00Z,1.690033
2026-09-05T09:00:00Z,1.705308
2026-09-05T09:15:00Z,1.720029
2026-09-05T09:30:00Z,1.734134
2026-09-05T09:45:00Z,1.747561
2026-09-05T10:00:00Z,1.760254
2026-09-05T10:15:00Z,1.772157
2026-09-05T10:30:00Z,1.783221
2026-09-05T10:45:00Z,1.793397
2026-09-05T11:00:00Z,1.802642
2026-09-05T11:15:00Z,1.810917
2026-09-05T11:30:00Z,1.818186
2026-09-05T11:45:00Z,1.824418
2026-09-05T12:00:00Z,1.829586
2026-09-05T12:15:00Z,1.833668
2026-09-05T12:30:00Z,1.836646
2026-09-05T12:45:00Z,1.838509
2026-09-05T13:00:00Z,1.839247
2026-09-05T13:15:00Z,1.838859
2026-09-05T13:30:00Z,1.837344
2026-09-05T13:45:00Z,1.834711
2026-09-05T14:00:00Z,1.83097
2026-09-05T14:15:00Z,1.826136
2026-09-05T14:30:00Z,1.820232
2026-09-05T14:45:00Z,1.813282
2026-09-05T15:00:00Z,1.805316
2026-09-05T15:15:00Z,1.796368
2026-09-05T15:30:00Z,1.786476
2026-09-05T15:45:00Z,1.775683
2026-09-05T16:00:00Z,1.764035
2026-09-05T16:15:00Z,1.751581
2026-09-05T16:30:00Z,1.738376
2026-09-05T16:45:00Z,1.724476
2026-09-05T17:00:00Z,1.709939
2026-09-05T17:15:00Z,1.694829
2026-09-05T17:30:00Z,1.679211
2026-09-05T17:45:00Z,1.66315
2026-09-05T18:00:00Z,1.646716
2026-09-05T18:15:00Z,1.629979
2026-09-05T18:30:00Z,1.613011
2026-09-05T18:45:00Z,1.595885
2026-09-05T19:00:00Z,1.578674
2026-09-05T19:15:00Z,1.561451
2026-09-05T19:30:00Z,1.54429
2026-09-05T19:45:00Z,1.527265
2026-09-05T20:00:00Z,1.510449
2026-09-05T20:15:00Z,1.493914
2026-09-05T20:30:00Z,1.47773
2026-09-05T20:45:00Z,1.461967
2026-09-05T21:00:00Z,1.446692
2026-09-05T21:15:00Z,1.431971
2026-09-05T21:30:00Z,1.417866
2026-09-05T21:45:00Z,1.404439
2026-09-05T22:00:00Z,1.394746
2026-09-05T22:15:00Z,1.382843
2026-09-05T22:30:00Z,1.371779
2026-09-05T22:45:00Z,1.361603
2026-09-05T23:00:00Z,1.352358
2026-09-05T23:15:00Z,1.344083
2026-09-05T23:30:00Z,1.336814
2026-09-05T23:45:00Z,1.330582
2026-09-06T00:00:00Z,1.325414
2026-09-06T00:15:00Z,1.321332
2026-09-06T00:30:00Z,1.318354
2026-09-06T00:45:00Z,1.316491
2026-09-06T01:00:00Z,1.315753
2026-09-06T01:15:00Z,1.316141
2026-09-06T01:30:00Z,1.317656
2026-09-06T01:45:00Z,1.320289
2026-09-06T02:00:00Z,1.32403
2026-09-06T02:15:00Z,1.328864
2026-09-06T02:30:00Z,1.334768
2026-09-06T02:45:00Z,1.341718
2026-09-06T03:00:00Z,1.349684
2026-09-06T03:15:00Z,1.358632
2026-09-06T03:30:00Z,1.368524
2026-09-06T03:45:00Z,1.379317
2026-09-06T04:00:00Z,1.390965
2026-09-06T04:15:00Z,1.403419
2026-09-06T04:30:00Z,1.416624
2026-09-06T04:45:00Z,1.430524
2026-09-06T05:00:00Z,1.445061
2026-09-06T05:15:00Z,1.460171
2026-09-06T05:30:00Z,1.475789
2026-09-06T05:45:00Z,1.49185
2026-09-06T06:00:00Z,1.508284
2026-09-06T06:15:00Z,1.525021
2026-09-06T06:30:00Z,1.541989
2026-09-06T06:45:00Z,1.559115
2026-09-06T07:00:00Z,1.576326
2026-09-06T07:15:00Z,1.593549
2026-09-06T07:30:00Z,1.61071
2026-09-06T07:45:00Z,1.627735
2026-09-06T08:00:00Z,1.644551
2026-09-06T08:15:00Z,1.661086
2026-09-06T08:30:00Z,1.67727
2026-09-06T08:45:00Z,1.693033
2026-09-06T09:00:00Z,1.708308
2026-09-06T09:15:00Z,1.723029
2026-09-06T09:30:00Z,1.737134
2026-09-06T09:45:00Z,1.750561
2026-09-06T10:00:00Z,1.763254
2026-09-06T10:15:00Z,1.775157
2026-09-06T10:30:00Z,1.786221
2026-09-06T10:45:00Z,1.796397
2026-09-06T11:00:00Z,1.805642
2026-09-06T11:15:00Z,1.813917
2026-09-06T11:30:00Z,1.821186
2026-09-06T11:45:00Z,1.827418
2026-09-06T12:00:00Z,1.832586
2026-09-06T12:15:00Z,1.836668
2026-09-06T12:30:00Z,1.839646
2026-09-06T12:45:00Z,1.841509
2026-09-06T13:00:00Z,1.842247
2026-09-06T13:15:00Z,1.841859
2026-09-06T13:30:00Z,1.840344
2026-09-06T13:45:00Z,1.837711
2026-09-06T14:00:00Z,1.83397
2026-09-06T14:15:00Z,1.829136
2026-09-06T14:30:00Z,1.823232
2026-09-06T14:45:00Z,1.816282
2026-09-06T15:00:00Z,1.808316
2026-09-06T15:15:00Z,1.799368
2026-09-06T15:30:00Z,1.789476
2026-09-06T15:45:00Z,1.778683
2026-09-06T16:00:00Z,1.767035
2026-09-06T16:15:00Z,1.754581
2026-09-06T16:30:00Z,1.741376
2026-09-06T16:45:00Z,1.727476
2026-09-06T17:00:00Z,1.712939
2026-09-06T17:15:00Z,1.697829
2026-09-06T17:30:00Z,1.682211
2026-09-06T17:45:00Z,1.66615
2026-09-06T18:00:00Z,1.649716
2026-09-06T18:15:00Z,1.632979
2026-09-06T18:30:00Z,1.616011
2026-09-06T18:45:00Z,1.598885
2026-09-06T19:00:00Z,1.581674
2026-09-06T19:15:00Z,1.564451
2026-09-06T19:30:00Z,1.54729
2026-09-06T19:45:00Z,1.530265
2026-09-06T20:00:00Z,1.513449
2026-09-06T20:15:00Z,1.496914
2026-09-06T20:30:00Z,1.48073
2026-09-06T20:45:00Z,1.464967
2026-09-06T21:00:00Z,1.449692
2026-09-06T21:15:00Z,1.434971
2026-09-06T21:30:00Z,1.420866
2026-09-06T21:45:00Z,1.407439
2026-09-06T22:00:00Z,1.577746
2026-09-06T22:15:00Z,1.565843
2026-09-06T22:30:00Z,1.554779
2026-09-06T22:45:00Z,1.544603
2026-09-06T23:00:00Z,1.535358
2026-09-06T23:15:00Z,1.527083
2026-09-06T23:30:00Z,1.519814
2026-09-06T23:45:00Z,1.513582
2026-09-07T00:00:00Z,1.508414
2026-09-07T00:15:00Z,1.504332
2026-09-07T00:30:00Z,1.501354
2026-09-07T00:45:00Z,1.499491
2026-09-07T01:00:00Z,1.498753
2026-09-07T01:15:00Z,1.499141
2026-09-07T01:30:00Z,1.500656
2026-09-07T01:45:00Z,1.503289
2026-09-07T02:00:00Z,1.50703
2026-09-07T02:15:00Z,1.511864
2026-09-07T02:30:00Z,1.517768
2026-09-07T02:45:00Z,1.524718
2026-09-07T03:00:00Z,1.532684
2026-09-07T03:15:00Z,1.541632
2026-09-07T03:30:00Z,1.551524
2026-09-07T03:45:00Z,1.562317
2026-09-07T04:00:00Z,1.573965
2026-09-07T04:15:00Z,1.586419
2026-09-07T04:30:00Z,1.599624
2026-09-07T04:45:00Z,1.613524
2026-09-07T05:00:00Z,1.988061
2026-09-07T05:15:00Z,2.003171
2026-09-07T05:30:00Z,2.018789
2026-09-07T05:45:00Z,2.03485
2026-09-07T06:00:00Z,2.051284
2026-09-07T06:15:00Z,2.068021
2026-09-07T06:30:00Z,2.084989
2026-09-07T06:45:00Z,2.102115
2026-09-07T07:00:00Z,2.119326
2026-09-07T07:15:00Z,2.136549
2026-09-07T07:30:00Z,2.15371
2026-09-07T07:45:00Z,2.170735
2026-09-07T08:00:00Z,2.187551
2026-09-07T08:15:00Z,2.204086
2026-09-07T08:30:00Z,2.22027
2026-09-07T08:45:00Z,2.236033
2026-09-07T09:00:00Z,2.251308
2026-09-07T09:15:00Z,2.266029
2026-09-07T09:30:00Z,2.280134
2026-09-07T09:45:00Z,2.293561
2026-09-07T10:00:00Z,2.306254
2026-09-07T10:15:00Z,2.318157
2026-09-07T10:30:00Z,2.329221
2026-09-07T10:45:00Z,2.339397
2026-09-07T11:00:00Z,2.348642
2026-09-07T11:15:00Z,2.356917
2026-09-07T11:30:00Z,2.364186
2026-09-07T11:45:00Z,2.370418
2026-09-07T12:00:00Z,2.375586
2026-09-07T12:15:00Z,2.379668
2026-09-07T12:30:00Z,2.382646
2026-09-07T12:45:00Z,2.384509
2026-09-07T13:00:00Z,2.385247
2026-09-07T13:15:00Z,2.384859
2026-09-07T13:30:00Z,2.383344
2026-09-07T13:45:00Z,2.380711
2026-09-07T14:00:00Z,2.37697
2026-09-07T14:15:00Z,2.372136
2026-09-07T14:30:00Z,2.366232
2026-09-07T14:45:00Z,2.359282
2026-09-07T15:00:00Z,2.351316
2026-09-07T15:15:00Z,2.342368
2026-09-07T15:30:00Z,2.332476
2026-09-07T15:45:00Z,2.321683
2026-09-07T16:00:00Z,2.310035
2026-09-07T16:15:00Z,2.297581
2026-09-07T16:30:00Z,2.284376
2026-09-07T16:45:00Z,2.270476
2026-09-07T17:00:00Z,2.255939
2026-09-07T17:15:00Z,1.880829
2026-09-07T17:30:00Z,1.865211
2026-09-07T17:45:00Z,1.84915
2026-09-07T18:00:00Z,1.832716
2026-09-07T18:15:00Z,1.815979
2026-09-07T18:30:00Z,1.799011
2026-09-07T18:45:00Z,1.781885
2026-09-07T19:00:00Z,1.764674
2026-09-07T19:15:00Z,1.747451
2026-09-07T19:30:00Z,1.73029
2026-09-07T19:45:00Z,1.713265
2026-09-07T20:00:00Z,1.696449
2026-09-07T20:15:00Z,1.679914
2026-09-07T20:30:00Z,1.66373
2026-09-07T20:45:00Z,1.647967
2026-09-07T21:00:00Z,1.632692
2026-09-07T21:15:00Z,1.617971
2026-09-07T21:30:00Z,1.603866
2026-09-07T21:45:00Z,1.590439
2026-09-07T22:00:00Z,1.580746
2026-09-07T22:15:00Z,1.568843
2026-09-07T22:30:00Z,1.557779
2026-09-07T22:45:00Z,1.547603
2026-09-07T23:00:00Z,1.538358
2026-09-07T23:15:00Z,1.530083
2026-09-07T23:30:00Z,1.522814
2026-09-07T23:45:00Z,1.516582
2026-09-08T00:00:00Z,1.511414
2026-09-08T00:15:00Z,1.507332
2026-09-08T00:30:00Z,1.504354
2026-09-08T00:45:00Z,1.502491
2026-09-08T01:00:00Z,1.501753
2026-09-08T01:15:00Z,1.502141
2026-09-08T01:30:00Z,1.503656
2026-09-08T01:45:00Z,1.506289
2026-09-08T02:00:00Z,1.51003
2026-09-08T02:15:00Z,1.514864
2026-09-08T02:30:00Z,1.520768
2026-09-08T02:45:00Z,1.527718
2026-09-08T03:00:00Z,1.535684
2026-09-08T03:15:00Z,1.544632
2026-09-08T03:30:00Z,1.554524
2026-09-08T03:45:00Z,1.565317
2026-09-08T04:00:00Z,1.576965
2026-09-08T04:15:00Z,1.589419
2026-09-08T04:30:00Z,1.602624
2026-09-08T04:45:00Z,1.616524
2026-09-08T05:00:00Z,1.991061
2026-09-08T05:15:00Z,2.006171
2026-09-08T05:30:00Z,2.021789
2026-09-08T05:45:00Z,2.03785
2026-09-08T06:00:00Z,2.054284
2026-09-08T06:15:00Z,2.071021
2026-09-08T06:30:00Z,2.087989
2026-09-08T06:45:00Z,2.105115
2026-09-08T07:00:00Z,2.122326
2026-09-08T07:15:00Z,2.139549
2026-09-08T07:30:00Z,2.15671
2026-09-08T07:45:00Z,2.173735
2026-09-08T08:00:00Z,2.190551
2026-09-08T08:15:00Z,2.207086
2026-09-08T08:30:00Z,2.22327
2026-09-08T08:45:00Z,2.239033
2026-09-08T09:00:00Z,2.254308
2026-09-08T09:15:00Z,2.269029
2026-09-08T09:30:00Z,2.283134
2026-09-08T09:45:00Z,2.296561
2026-09-08T10:00:00Z,2.309254
2026-09-08T10:15:00Z,2.321157
2026-09-08T10:30:00Z,2.332221
2026-09-08T10:45:00Z,2.342397
2026-09-08T11:00:00Z,2.351642
2026-09-08T11:15:00Z,2.359917
2026-09-08T11:30:00Z,2.367186
2026-09-08T11:45:00Z,2.373418
2026-09-08T12:00:00Z,2.378586
2026-09-08T12:15:00Z,2.382668
2026-09-08T12:30:00Z,2.385646
2026-09-08T12:45:00Z,2.387509
2026-09-08T13:00:00Z,2.388247
2026-09-08T13:15:00Z,2.387859
2026-09-08T13:30:00Z,2.386344
2026-09-08T13:45:00Z,2.383711
2026-09-08T14:00:00Z,2.37997
2026-09-08T14:15:00Z,2.375136
2026-09-08T14:30:00Z,2.369232
2026-09-08T14:45:00Z,2.362282
2026-09-08T15:00:00Z,2.354316
2026-09-08T15:15:00Z,2.345368
2026-09-08T15:30:00Z,2.335476
2026-09-08T15:45:00Z,2.324683
2026-09-08T16:00:00Z,2.313035
2026-09-08T16:15:00Z,2.300581
2026-09-08T16:30:00Z,2.287376
2026-09-08T16:45:00Z,2.273476
2026-09-08T17:00:00Z,2.258939
2026-09-08T17:15:00Z,1.883829
2026-09-08T17:30:00Z,1.868211
2026-09-08T17:45:00Z,1.85215
2026-09-08T18:00:00Z,1.835716
2026-09-08T18:15:00Z,1.818979
2026-09-08T18:30:00Z,1.802011
2026-09-08T18:45:00Z,1.784885
2026-09-08T19:00:00Z,1.767674
2026-09-08T19:15:00Z,1.750451
2026-09-08T19:30:00Z,1.73329
2026-09-08T19:45:00Z,1.716265
2026-09-08T20:00:00Z,1.699449
2026-09-08T20:15:00Z,1.682914
2026-09-08T20:30:00Z,1.66673
2026-09-08T20:45:00Z,1.650967
2026-09-08T21:00:00Z,1.635692
2026-09-08T21:15:00Z,1.620971
2026-09-08T21:30:00Z,1.606866
2026-09-08T21:45:00Z,1.593439
2026-09-08T22:00:00Z,1.583746
2026-09-08T22:15:00Z,1.571843
2026-09-08T22:30:00Z,1.560779
2026-09-08T22:45:00Z,1.550603
2026-09-08T23:00:00Z,1.541358
2026-09-08T23:15:00Z,1.533083
2026-09-08T23:30:00Z,1.525814
2026-09-08T23:45:00Z,1.519582
2026-09-09T00:00:00Z,1.514414
2026-09-09T00:15:00Z,1.510332
2026-09-09T00:30:00Z,1.507354
2026-09-09T00:45:00Z,1.505491
2026-09-09T01:00:00Z,1.504753
2026-09-09T01:15:00Z,1.505141
2026-09-09T01:30:00Z,1.506656
2026-09-09T01:45:00Z,1.509289
2026-09-09T02:00:00Z,1.51303
2026-09-09T02:15:00Z,1.517864
2026-09-09T02:30:00Z,1.523768
2026-09-09T02:45:00Z,1.530718
2026-09-09T03:00:00Z,1.538684
2026-09-09T03:15:00Z,1.547632
2026-09-09T03:30:00Z,1.557524
2026-09-09T03:45:00Z,1.568317
2026-09-09T04:00:00Z,1.579965
2026-09-09T04:15:00Z,1.592419
2026-09-09T04:30:00Z,1.605624
2026-09-09T04:45:00Z,1.619524
2026-09-09T05:00:00Z,1.994061
2026-09-09T05:15:00Z,2.009171
2026-09-09T05:30:00Z,2.024789
2026-09-09T05:45:00Z,2.04085
2026-09-09T06:00:00Z,2.057284
2026-09-09T06:15:00Z,2.074021
2026-09-09T06:30:00Z,2.090989
2026-09-09T06:45:00Z,2.108115
2026-09-09T07:00:00Z,2.125326
2026-09-09T07:15:00Z,2.142549
2026-09-09T07:30:00Z,2.15971
2026-09-09T07:45:00Z,2.176735
2026-09-09T08:00:00Z,2.193551
2026-09-09T08:15:00Z,2.210086
2026-09-09T08:30:00Z,2.22627
2026-09-09T08:45:00Z,2.242033
2026-09-09T09:00:00Z,2.257308
2026-09-09T09:15:00Z,2.272029
2026-09-09T09:30:00Z,2.286134
2026-09-09T09:45:00Z,2.299561
2026-09-09T10:00:00Z,2.312254
2026-09-09T10:15:00Z,2.324157
2026-09-09T10:30:00Z,2.335221
2026-09-09T10:45:00Z,2.345397
2026-09-09T11:00:00Z,2.354642
2026-09-09T11:15:00Z,2.362917
2026-09-09T11:30:00Z,2.370186
2026-09-09T11:45:00Z,2.376418
2026-09-09T12:00:00Z,2.381586
2026-09-09T12:15:00Z,2.385668
2026-09-09T12:30:00Z,2.388646
2026-09-09T12:45:00Z,2.390509
2026-09-09T13:00:00Z,2.391247
2026-09-09T13:15:00Z,2.390859
2026-09-09T13:30:00Z,2.389344
2026-09-09T13:45:00Z,2.386711
2026-09-09T14:00:00Z,2.38297
2026-09-09T14:15:00Z,2.378136
2026-09-09T14:30:00Z,2.372232
2026-09-09T14:45:00Z,2.365282
2026-09-09T15:00:00Z,2.357316
2026-09-09T15:15:00Z,2.348368
2026-09-09T15:30:00Z,2.338476
2026-09-09T15:45:00Z,2.327683
2026-09-09T16:00:00Z,2.316035
2026-09-09T16:15:00Z,2.303581
2026-09-09T16:30:00Z,2.290376
2026-09-09T16:45:00Z,2.276476
2026-09-09T17:00:00Z,2.261939
2026-09-09T17:15:00Z,1.886829
2026-09-09T17:30:00Z,1.871211
2026-09-09T17:45:00Z,1.85515
2026-09-09T18:00:00Z,1.838716
2026-09-09T18:15:00Z,1.821979
2026-09-09T18:30:00Z,1.805011
2026-09-09T18:45:00Z,1.787885
2026-09-09T19:00:00Z,1.770674
2026-09-09T19:15:00Z,1.753451
2026-09-09T19:30:00Z,1.73629
2026-09-09T19:45:00Z,1.719265
2026-09-09T20:00:00Z,1.702449
2026-09-09T20:15:00Z,1.685914
2026-09-09T20:30:00Z,1.66973
2026-09-09T20:45:00Z,1.653967
2026-09-09T21:00:00Z,1.638692
2026-09-09T21:15:00Z,1.623971
2026-09-09T21:30:00Z,1.609866
2026-09-09T21:45:00Z,1.596439
2026-09-09T22:00:00Z,1.586746
2026-09-09T22:15:00Z,1.574843
2026-09-09T22:30:00Z,1.563779
2026-09-09T22:45:00Z,1.553603
2026-09-09T23:00:00Z,1.544358
2026-09-09T23:15:00Z,1.536083
2026-09-09T23:30:00Z,1.528814
2026-09-09T23:45:00Z,1.522582
2026-09-10T00:00:00Z,1.517414
2026-09-10T00:15:00Z,1.513332
2026-09-10T00:30:00Z,1.510354
2026-09-10T00:45:00Z,1.508491
2026-09-10T01:00:00Z,1.507753
2026-09-10T01:15:00Z,1.508141
2026-09-10T01:30:00Z,1.509656
2026-09-10T01:45:00Z,1.512289
2026-09-10T02:00:00Z,1.51603
2026-09-10T02:15:00Z,1.520864
2026-09-10T02:30:00Z,1.526768
2026-09-10T02:45:00Z,1.533718
2026-09-10T03:00:00Z,1.541684
2026-09-10T03:15:00Z,1.550632
2026-09-10T03:30:00Z,1.560524
2026-09-10T03:45:00Z,1.571317
2026-09-10T04:00:00Z,1.582965
2026-09-10T04:15:00Z,1.595419
2026-09-10T04:30:00Z,1.608624
2026-09-10T04:45:00Z,1.622524
2026-09-10T05:00:00Z,1.997061
2026-09-10T05:15:00Z,2.012171
2026-09-10T05:30:00Z,2.027789
2026-09-10T05:45:00Z,2.04385
2026-09-10T06:00:00Z,2.060284
2026-09-10T06:15:00Z,2.077021
2026-09-10T06:30:00Z,2.093989
2026-09-10T06:45:00Z,2.111115
2026-09-10T07:00:00Z,2.128326
2026-09-10T07:15:00Z,2.145549
2026-09-10T07:30:00Z,2.16271
2026-09-10T07:45:00Z,2.179735
2026-09-10T08:00:00Z,2.196551
2026-09-10T08:15:00Z,2.213086
2026-09-10T08:30:00Z,2.22927
2026-09-10T08:45:00Z,2.245033
2026-09-10T09:00:00Z,2.260308
2026-09-10T09:15:00Z,2.275029
2026-09-10T09:30:00Z,2.289134
2026-09-10T09:45:00Z,2.302561
2026-09-10T10:00:00Z,2.315254
2026-09-10T10:15:00Z,2.327157
2026-09-10T10:30:00Z,2.338221
2026-09-10T10:45:00Z,2.348397
2026-09-10T11:00:00Z,2.357642
2026-09-10T11:15:00Z,2.365917
2026-09-10T11:30:00Z,2.373186
2026-09-10T11:45:00Z,2.379418
2026-09-10T12:00:00Z,2.384586
2026-09-10T12:15:00Z,2.388668
2026-09-10T12:30:00Z,2.391646
2026-09-10T12:45:00Z,2.393509
2026-09-10T13:00:00Z,2.394247
2026-09-10T13:15:00Z,2.393859
2026-09-10T13:30:00Z,2.392344
2026-09-10T13:45:00Z,2.389711
2026-09-10T14:00:00Z,2.38597
2026-09-10T14:15:00Z,2.381136
2026-09-10T14:30:00Z,2.375232
2026-09-10T14:45:00Z,2.368282
2026-09-10T15:00:00Z,2.360316
2026-09-10T15:15:00Z,2.351368
2026-09-10T15:30:00Z,2.341476
2026-09-10T15:45:00Z,2.330683
2026-09-10T16:00:00Z,2.319035
2026-09-10T16:15:00Z,2.306581
2026-09-10T16:30:00Z,2.293376
2026-09-10T16:45:00Z,2.279476
2026-09-10T17:00:00Z,2.264939
2026-09-10T17:15:00Z,1.889829
2026-09-10T17:30:00Z,1.874211
2026-09-10T17:45:00Z,1.85815
2026-09-10T18:00:00Z,1.841716
2026-09-10T18:15:00Z,1.824979
2026-09-10T18:30:00Z,1.808011
2026-09-10T18:45:00Z,1.790885
2026-09-10T19:00:00Z,1.773674
2026-09-10T19:15:00Z,1.756451
2026-09-10T19:30:00Z,1.73929
2026-09-10T19:45:00Z,1.722265
2026-09-10T20:00:00Z,1.705449
2026-09-10T20:15:00Z,1.688914
2026-09-10T20:30:00Z,1.67273
2026-09-10T20:45:00Z,1.656967
2026-09-10T21:00:00Z,1.641692
2026-09-10T21:15:00Z,1.626971
2026-09-10T21:30:00Z,1.612866
2026-09-10T21:45:00Z,1.599439
2026-09-10T22:00:00Z,1.589746
2026-09-10T22:15:00Z,1.577843
2026-09-10T22:30:00Z,1.566779
2026-09-10T22:45:00Z,1.556603
2026-09-10T23:00:00Z,1.547358
2026-09-10T23:15:00Z,1.539083
2026-09-10T23:30:00Z,1.531814
2026-09-10T23:45:00Z,1.525582
2026-09-11T00:00:00Z,1.520414
2026-09-11T00:15:00Z,1.516332
2026-09-11T00:30:00Z,1.513354
2026-09-11T00:45:00Z,1.511491
2026-09-11T01:00:00Z,1.510753
2026-09-11T01:15:00Z,1.511141
2026-09-11T01:30:00Z,1.512656
2026-09-11T01:45:00Z,1.515289
2026-09-11T02:00:00Z,1.51903
2026-09-11T02:15:00Z,1.523864
2026-09-11T02:30:00Z,1.529768
2026-09-11T02:45:00Z,1.536718
2026-09-11T03:00:00Z,1.544684
2026-09-11T03:15:00Z,1.553632
2026-09-11T03:30:00Z,1.563524
2026-09-11T03:45:00Z,1.574317
2026-09-11T04:00:00Z,1.585965
2026-09-11T04:15:00Z,1.598419
2026-09-11T04:30:00Z,1.611624
2026-09-11T04:45:00Z,1.625524
2026-09-11T05:00:00Z,2.000061
2026-09-11T05:15:00Z,2.015171
2026-09-11T05:30:00Z,2.030789
2026-09-11T05:45:00Z,2.04685
2026-09-11T06:00:00Z,2.063284
2026-09-11T06:15:00Z,2.080021
2026-09-11T06:30:00Z,2.096989
2026-09-11T06:45:00Z,2.114115
2026-09-11T07:00:00Z,2.131326
2026-09-11T07:15:00Z,2.148549
2026-09-11T07:30:00Z,2.16571
2026-09-11T07:45:00Z,2.182735
2026-09-11T08:00:00Z,2.199551
2026-09-11T08:15:00Z,2.216086
2026-09-11T08:30:00Z,2.23227
2026-09-11T08:45:00Z,2.248033
2026-09-11T09:00:00Z,2.263308
2026-09-11T09:15:00Z,2.278029
2026-09-11T09:30:00Z,2.292134
2026-09-11T09:45:00Z,2.305561
2026-09-11T10:00:00Z,2.318254
2026-09-11T10:15:00Z,2.330157
2026-09-11T10:30:00Z,2.341221
2026-09-11T10:45:00Z,2.351397
2026-09-11T11:00:00Z,2.360642
2026-09-11T11:15:00Z,2.368917
2026-09-11T11:30:00Z,2.376186
2026-09-11T11:45:00Z,2.382418
2026-09-11T12:00:00Z,2.387586
2026-09-11T12:15:00Z,2.391668
2026-09-11T12:30:00Z,2.394646
2026-09-11T12:45:00Z,2.396509
2026-09-11T13:00:00Z,2.397247
2026-09-11T13:15:00Z,2.396859
2026-09-11T13:30:00Z,2.395344
2026-09-11T13:45:00Z,2.392711
2026-09-11T14:00:00Z,2.38897
2026-09-11T14:15:00Z,2.384136
2026-09-11T14:30:00Z,2.378232
2026-09-11T14:45:00Z,2.371282
2026-09-11T15:00:00Z,2.363316
2026-09-11T15:15:00Z,2.354368
2026-09-11T15:30:00Z,2.344476
2026-09-11T15:45:00Z,2.333683
2026-09-11T16:00:00Z,2.322035
2026-09-11T16:15:00Z,2.309581
2026-09-11T16:30:00Z,2.296376
2026-09-11T16:45:00Z,2.282476
2026-09-11T17:00:00Z,2.267939
2026-09-11T17:15:00Z,1.892829
2026-09-11T17:30:00Z,1.877211
2026-09-11T17:45:00Z,1.86115
2026-09-11T18:00:00Z,1.844716
2026-09-11T18:15:00Z,1.827979
2026-09-11T18:30:00Z,1.811011
2026-09-11T18:45:00Z,1.793885
2026-09-11T19:00:00Z,1.776674
2026-09-11T19:15:00Z,1.759451
2026-09-11T19:30:00Z,1.74229
2026-09-11T19:45:00Z,1.725265
2026-09-11T20:00:00Z,1.708449
2026-09-11T20:15:00Z,1.691914
2026-09-11T20:30:00Z,1.67573
2026-09-11T20:45:00Z,1.659967
2026-09-11T21:00:00Z,1.644692
2026-09-11T21:15:00Z,1.629971
2026-09-11T21:30:00Z,1.615866
2026-09-11T21:45:00Z,1.602439
2026-09-11T22:00:00Z,1.412746
2026-09-11T22:15:00Z,1.400843
2026-09-11T22:30:00Z,1.389779
2026-09-11T22:45:00Z,1.379603
2026-09-11T23:00:00Z,1.370358
2026-09-11T23:15:00Z,1.362083
2026-09-11T23:30:00Z,1.354814
2026-09-11T23:45:00Z,1.348582
2026-09-12T00:00:00Z,1.343414
2026-09-12T00:15:00Z,1.339332
2026-09-12T00:30:00Z,1.336354
2026-09-12T00:45:00Z,1.334491
2026-09-12T01:00:00Z,1.333753
2026-09-12T01:15:00Z,1.334141
2026-09-12T01:30:00Z,1.335656
2026-09-12T01:45:00Z,1.338289
2026-09-12T02:00:00Z,1.34203
2026-09-12T02:15:00Z,1.346864
2026-09-12T02:30:00Z,1.352768
2026-09-12T02:45:00Z,1.359718
2026-09-12T03:00:00Z,1.367684
2026-09-12T03:15:00Z,1.376632
2026-09-12T03:30:00Z,1.386524
2026-09-12T03:45:00Z,1.397317
2026-09-12T04:00:00Z,1.408965
2026-09-12T04:15:00Z,1.421419
2026-09-12T04:30:00Z,1.434624
2026-09-12T04:45:00Z,1.448524
2026-09-12T05:00:00Z,1.463061
2026-09-12T05:15:00Z,1.478171
2026-09-12T05:30:00Z,1.493789
2026-09-12T05:45:00Z,1.50985
2026-09-12T06:00:00Z,1.526284
2026-09-12T06:15:00Z,1.543021
2026-09-12T06:30:00Z,1.559989
2026-09-12T06:45:00Z,1.577115
2026-09-12T07:00:00Z,1.594326
2026-09-12T07:15:00Z,1.611549
2026-09-12T07:30:00Z,1.62871
2026-09-12T07:45:00Z,1.645735
2026-09-12T08:00:00Z,1.662551
2026-09-12T08:15:00Z,1.679086
2026-09-12T08:30:00Z,1.69527
2026-09-12T08:45:00Z,1.711033
2026-09-12T09:00:00Z,1.726308
2026-09-12T09:15:00Z,1.741029
2026-09-12T09:30:00Z,1.755134
2026-09-12T09:45:00Z,1.768561
2026-09-12T10:00:00Z,1.781254
2026-09-12T10:15:00Z,1.793157
2026-09-12T10:30:00Z,1.804221
2026-09-12T10:45:00Z,1.814397
2026-09-12T11:00:00Z,1.823642
2026-09-12T11:15:00Z,1.831917
2026-09-12T11:30:00Z,1.839186
2026-09-12T11:45:00Z,1.845418
2026-09-12T12:00:00Z,1.850586
2026-09-12T12:15:00Z,1.854668
2026-09-12T12:30:00Z,1.857646
2026-09-12T12:45:00Z,1.859509
2026-09-12T13:00:00Z,1.860247
2026-09-12T13:15:00Z,1.859859
2026-09-12T13:30:00Z,1.858344
2026-09-12T13:45:00Z,1.855711
2026-09-12T14:00:00Z,1.85197
2026-09-12T14:15:00Z,1.847136
2026-09-12T14:30:00Z,1.841232
2026-09-12T14:45:00Z,1.834282
2026-09-12T15:00:00Z,1.826316
2026-09-12T15:15:00Z,1.817368
2026-09-12T15:30:00Z,1.807476
2026-09-12T15:45:00Z,1.796683
2026-09-12T16:00:00Z,1.785035
2026-09-12T16:15:00Z,1.772581
2026-09-12T16:30:00Z,1.759376
2026-09-12T16:45:00Z,1.745476
2026-09-12T17:00:00Z,1.730939
2026-09-12T17:15:00Z,1.715829
2026-09-12T17:30:00Z,1.700211
2026-09-12T17:45:00Z,1.68415
2026-09-12T18:00:00Z,1.667716
2026-09-12T18:15:00Z,1.650979
2026-09-12T18:30:00Z,1.634011
2026-09-12T18:45:00Z,1.616885
2026-09-12T19:00:00Z,1.599674
2026-09-12T19:15:00Z,1.582451
2026-09-12T19:30:00Z,1.56529
2026-09-12T19:45:00Z,1.548265
2026-09-12T20:00:00Z,1.531449
2026-09-12T20:15:00Z,1.514914
2026-09-12T20:30:00Z,1.49873
2026-09-12T20:45:00Z,1.482967
2026-09-12T21:00:00Z,1.467692
2026-09-12T21:15:00Z,1.452971
2026-09-12T21:30:00Z,1.438866
2026-09-12T21:45:00Z,1.425439
2026-09-12T22:00:00Z,1.415746
2026-09-12T22:15:00Z,1.403843
2026-09-12T22:30:00Z,1.392779
2026-09-12T22:45:00Z,1.382603
2026-09-12T23:00:00Z,1.373358
2026-09-12T23:15:00Z,1.365083
2026-09-12T23:30:00Z,1.357814
2026-09-12T23:45:00Z,1.351582
2026-09-13T00:00:00Z,1.346414
2026-09-13T00:15:00Z,1.342332
2026-09-13T00:30:00Z,1.339354
2026-09-13T00:45:00Z,1.337491
2026-09-13T01:00:00Z,1.336753
2026-09-13T01:15:00Z,1.337141
2026-09-13T01:30:00Z,1.338656
2026-09-13T01:45:00Z,1.341289
2026-09-13T02:00:00Z,1.34503
2026-09-13T02:15:00Z,1.349864
2026-09-13T02:30:00Z,1.355768
2026-09-13T02:45:00Z,1.362718
2026-09-13T03:00:00Z,1.370684
2026-09-13T03:15:00Z,1.379632
2026-09-13T03:30:00Z,1.389524
2026-09-13T03:45:00Z,1.400317
2026-09-13T04:00:00Z,1.411965
2026-09-13T04:15:00Z,1.424419
2026-09-13T04:30:00Z,1.437624
2026-09-13T04:45:00Z,1.451524
2026-09-13T05:00:00Z,1.466061
2026-09-13T05:15:00Z,1.481171
2026-09-13T05:30:00Z,1.496789
2026-09-13T05:45:00Z,1.51285
2026-09-13T06:00:00Z,1.529284
2026-09-13T06:15:00Z,1.546021
2026-09-13T06:30:00Z,1.562989
2026-09-13T06:45:00Z,1.580115
2026-09-13T07:00:00Z,1.597326
2026-09-13T07:15:00Z,1.614549
2026-09-13T07:30:00Z,1.63171
2026-09-13T07:45:00Z,1.648735
2026-09-13T08:00:00Z,1.665551
2026-09-13T08:15:00Z,1.682086
2026-09-13T08:30:00Z,1.69827
2026-09-13T08:45:00Z,1.714033
2026-09-13T09:00:00Z,1.729308
2026-09-13T09:15:00Z,1.744029
2026-09-13T09:30:00Z,1.758134
2026-09-13T09:45:00Z,1.771561
2026-09-13T10:00:00Z,1.784254
2026-09-13T10:15:00Z,1.796157
2026-09-13T10:30:00Z,1.807221
2026-09-13T10:45:00Z,1.817397
2026-09-13T11:00:00Z,1.826642
2026-09-13T11:15:00Z,1.834917
2026-09-13T11:30:00Z,1.842186
2026-09-13T11:45:00Z,1.848418
2026-09-13T12:00:00Z,1.853586
2026-09-13T12:15:00Z,1.857668
2026-09-13T12:30:00Z,1.860646
2026-09-13T12:45:00Z,1.862509
2026-09-13T13:00:00Z,1.863247
2026-09-13T13:15:00Z,1.862859
2026-09-13T13:30:00Z,1.861344
2026-09-13T13:45:00Z,1.858711
2026-09-13T14:00:00Z,1.85497
2026-09-13T14:15:00Z,1.850136
2026-09-13T14:30:00Z,1.844232
2026-09-13T14:45:00Z,1.837282
2026-09-13T15:00:00Z,1.829316
2026-09-13T15:15:00Z,1.820368
2026-09-13T15:30:00Z,1.810476
2026-09-13T15:45:00Z,1.799683
2026-09-13T16:00:00Z,1.788035
2026-09-13T16:15:00Z,1.775581
2026-09-13T16:30:00Z,1.762376
2026-09-13T16:45:00Z,1.748476
2026-09-13T17:00:00Z,1.733939
2026-09-13T17:15:00Z,1.718829
2026-09-13T17:30:00Z,1.703211
2026-09-13T17:45:00Z,1.68715
2026-09-13T18:00:00Z,1.670716
2026-09-13T18:15:00Z,1.653979
2026-09-13T18:30:00Z,1.637011
2026-09-13T18:45:00Z,1.619885
2026-09-13T19:00:00Z,1.602674
2026-09-13T19:15:00Z,1.585451
2026-09-13T19:30:00Z,1.56829
2026-09-13T19:45:00Z,1.551265
2026-09-13T20:00:00Z,1.534449
2026-09-13T20:15:00Z,1.517914
2026-09-13T20:30:00Z,1.50173
2026-09-13T20:45:00Z,1.485967
2026-09-13T21:00:00Z,1.470692
2026-09-13T21:15:00Z,1.455971
2026-09-13T21:30:00Z,1.441866
2026-09-13T21:45:00Z,1.428439
2026-09-13T22:00:00Z,1.598746
2026-09-13T22:15:00Z,1.586843
2026-09-13T22:30:00Z,1.575779
2026-09-13T22:45:00Z,1.565603
2026-09-13T23:00:00Z,1.556358
2026-09-13T23:15:00Z,1.548083
2026-09-13T23:30:00Z,1.540814
2026-09-13T23:45:00Z,1.534582
2026-09-14T00:00:00Z,1.529414
2026-09-14T00:15:00Z,1.525332
2026-09-14T00:30:00Z,1.522354
2026-09-14T00:45:00Z,1.520491
2026-09-14T01:00:00Z,1.519753
2026-09-14T01:15:00Z,1.520141
2026-09-14T01:30:00Z,1.521656
2026-09-14T01:45:00Z,1.524289
2026-09-14T02:00:00Z,1.52803
2026-09-14T02:15:00Z,1.532864
2026-09-14T02:30:00Z,1.538768
2026-09-14T02:45:00Z,1.545718
2026-09-14T03:00:00Z,1.553684
2026-09-14T03:15:00Z,1.562632
2026-09-14T03:30:00Z,1.572524
2026-09-14T03:45:00Z,1.583317
2026-09-14T04:00:00Z,1.594965
2026-09-14T04:15:00Z,1.607419
2026-09-14T04:30:00Z,1.620624
2026-09-14T04:45:00Z,1.634524
2026-09-14T05:00:00Z,2.009061
2026-09-14T05:15:00Z,2.024171
2026-09-14T05:30:00Z,2.039789
2026-09-14T05:45:00Z,2.05585
2026-09-14T06:00:00Z,2.072284
2026-09-14T06:15:00Z,2.089021
2026-09-14T06:30:00Z,2.105989
2026-09-14T06:45:00Z,2.123115
2026-09-14T07:00:00Z,2.140326
2026-09-14T07:15:00Z,2.157549
2026-09-14T07:30:00Z,2.17471
2026-09-14T07:45:00Z,2.191735
2026-09-14T08:00:00Z,2.208551
2026-09-14T08:15:00Z,2.225086
2026-09-14T08:30:00Z,2.24127
2026-09-14T08:45:00Z,2.257033
2026-09-14T09:00:00Z,2.272308
2026-09-14T09:15:00Z,2.287029
2026-09-14T09:30:00Z,2.301134
2026-09-14T09:45:00Z,2.314561
2026-09-14T10:00:00Z,2.327254
2026-09-14T10:15:00Z,2.339157
2026-09-14T10:30:00Z,2.350221
2026-09-14T10:45:00Z,2.360397
2026-09-14T11:00:00Z,2.369642
2026-09-14T11:15:00Z,2.377917
2026-09-14T11:30:00Z,2.385186
2026-09-14T11:45:00Z,2.391418
2026-09-14T12:00:00Z,2.396586
2026-09-14T12:15:00Z,2.400668
2026-09-14T12:30:00Z,2.403646
2026-09-14T12:45:00Z,2.405509
2026-09-14T13:00:00Z,2.406247
2026-09-14T13:15:00Z,2.405859
2026-09-14T13:30:00Z,2.404344
2026-09-14T13:45:00Z,2.401711
2026-09-14T14:00:00Z,2.39797
2026-09-14T14:15:00Z,2.393136
2026-09-14T14:30:00Z,2.387232
2026-09-14T14:45:00Z,2.380282
2026-09-14T15:00:00Z,2.372316
2026-09-14T15:15:00Z,2.363368
2026-09-14T15:30:00Z,2.353476
2026-09-14T15:45:00Z,2.342683
2026-09-14T16:00:00Z,2.331035
2026-09-14T16:15:00Z,2.318581
2026-09-14T16:30:00Z,2.305376
2026-09-14T16:45:00Z,2.291476
2026-09-14T17:00:00Z,2.276939
2026-09-14T17:15:00Z,1.901829
2026-09-14T17:30:00Z,1.886211
2026-09-14T17:45:00Z,1.87015
2026-09-14T18:00:00Z,1.853716
2026-09-14T18:15:00Z,1.836979
2026-09-14T18:30:00Z,1.820011
2026-09-14T18:45:00Z,1.802885
2026-09-14T19:00:00Z,1.785674
2026-09-14T19:15:00Z,1.768451
2026-09-14T19:30:00Z,1.75129
2026-09-14T19:45:00Z,1.734265
2026-09-14T20:00:00Z,1.717449
2026-09-14T20:15:00Z,1.700914
2026-09-14T20:30:00Z,1.68473
2026-09-14T20:45:00Z,1.668967
2026-09-14T21:00:00Z,1.653692
2026-09-14T21:15:00Z,1.638971
2026-09-14T21:30:00Z,1.624866
2026-09-14T21:45:00Z,1.611439
2026-09-14T22:00:00Z,1.601746
2026-09-14T22:15:00Z,1.589843
2026-09-14T22:30:00Z,1.578779
2026-09-14T22:45:00Z,1.568603
2026-09-14T23:00:00Z,1.559358
2026-09-14T23:15:00Z,1.551083
2026-09-14T23:30:00Z,1.543814
2026-09-14T23:45:00Z,1.537582
2026-09-15T00:00:00Z,1.532414
2026-09-15T00:15:00Z,1.528332
2026-09-15T00:30:00Z,1.525354
2026-09-15T00:45:00Z,1.523491
2026-09-15T01:00:00Z,1.522753
2026-09-15T01:15:00Z,1.523141
2026-09-15T01:30:00Z,1.524656
2026-09-15T01:45:00Z,1.527289
2026-09-15T02:00:00Z,1.53103
2026-09-15T02:15:00Z,1.535864
2026-09-15T02:30:00Z,1.541768
2026-09-15T02:45:00Z,1.548718
2026-09-15T03:00:00Z,1.556684
2026-09-15T03:15:00Z,1.565632
2026-09-15T03:30:00Z,1.575524
2026-09-15T03:45:00Z,1.586317
2026-09-15T04:00:00Z,1.597965
2026-09-15T04:15:00Z,1.610419
2026-09-15T04:30:00Z,1.623624
2026-09-15T04:45:00Z,1.637524
2026-09-15T05:00:00Z,2.012061
2026-09-15T05:15:00Z,2.027171
2026-09-15T05:30:00Z,2.042789
2026-09-15T05:45:00Z,2.05885
2026-09-15T06:00:00Z,2.075284
2026-09-15T06:15:00Z,2.092021
2026-09-15T06:30:00Z,2.108989
2026-09-15T06:45:00Z,2.126115
2026-09-15T07:00:00Z,2.143326
2026-09-15T07:15:00Z,2.160549
2026-09-15T07:30:00Z,2.17771
2026-09-15T07:45:00Z,2.194735
2026-09-15T08:00:00Z,2.211551
2026-09-15T08:15:00Z,2.228086
2026-09-15T08:30:00Z,2.24427
2026-09-15T08:45:00Z,2.260033
2026-09-15T09:00:00Z,2.275308
2026-09-15T09:15:00Z,2.290029
2026-09-15T09:30:00Z,2.304134
2026-09-15T09:45:00Z,2.317561
2026-09-15T10:00:00Z,2.330254
2026-09-15T10:15:00Z,2.342157
2026-09-15T10:30:00Z,2.353221
2026-09-15T10:45:00Z,2.363397
2026-09-15T11:00:00Z,2.372642
2026-09-15T11:15:00Z,2.380917
2026-09-15T11:30:00Z,2.388186
2026-09-15T11:45:00Z,2.394418
2026-09-15T12:00:00Z,2.399586
2026-09-15T12:15:00Z,2.403668
2026-09-15T12:30:00Z,2.406646
2026-09-15T12:45:00Z,2.408509
2026-09-15T13:00:00Z,2.409247
2026-09-15T13:15:00Z,2.408859
2026-09-15T13:30:00Z,2.407344
2026-09-15T13:45:00Z,2.404711
2026-09-15T14:00:00Z,2.40097
2026-09-15T14:15:00Z,2.396136
2026-09-15T14:30:00Z,2.390232
2026-09-15T14:45:00Z,2.383282
2026-09-15T15:00:00Z,2.375316
2026-09-15T15:15:00Z,2.366368
2026-09-15T15:30:00Z,2.356476
2026-09-15T15:45:00Z,2.345683
2026-09-15T16:00:00Z,2.334035
2026-09-15T16:15:00Z,2.321581
2026-09-15T16:30:00Z,2.308376
2026-09-15T16:45:00Z,2.294476
2026-09-15T17:00:00Z,2.279939
2026-09-15T17:15:00Z,1.904829
2026-09-15T17:30:00Z,1.889211
2026-09-15T17:45:00Z,1.87315
2026-09-15T18:00:00Z,1.856716
2026-09-15T18:15:00Z,1.839979
2026-09-15T18:30:00Z,1.823011
2026-09-15T18:45:00Z,1.805885
2026-09-15T19:00:00Z,1.788674
2026-09-15T19:15:00Z,1.771451
2026-09-15T19:30:00Z,1.75429
2026-09-15T19:45:00Z,1.737265
2026-09-15T20:00:00Z,1.720449
2026-09-15T20:15:00Z,1.703914
2026-09-15T20:30:00Z,1.68773
2026-09-15T20:45:00Z,1.671967
2026-09-15T21:00:00Z,1.656692
2026-09-15T21:15:00Z,1.641971
2026-09-15T21:30:00Z,1.627866
2026-09-15T21:45:00Z,1.614439
2026-09-15T22:00:00Z,1.604746
2026-09-15T22:15:00Z,1.592843
2026-09-15T22:30:00Z,1.581779
2026-09-15T22:45:00Z,1.571603
2026-09-15T23:00:00Z,1.562358
2026-09-15T23:15:00Z,1.554083
2026-09-15T23:30:00Z,1.546814
2026-09-15T23:45:00Z,1.540582
2026-09-16T00:00:00Z,1.535414
2026-09-16T00:15:00Z,1.531332
2026-09-16T00:30:00Z,1.528354
2026-09-16T00:45:00Z,1.526491
2026-09-16T01:00:00Z,1.525753
2026-09-16T01:15:00Z,1.526141
2026-09-16T01:30:00Z,1.527656
2026-09-16T01:45:00Z,1.530289
2026-09-16T02:00:00Z,1.53403
2026-09-16T02:15:00Z,1.538864
2026-09-16T02:30:00Z,1.544768
2026-09-16T02:45:00Z,1.551718
2026-09-16T03:00:00Z,1.559684
2026-09-16T03:15:00Z,1.568632
2026-09-16T03:30:00Z,1.578524
2026-09-16T03:45:00Z,1.589317
2026-09-16T04:00:00Z,1.600965
2026-09-16T04:15:00Z,1.613419
2026-09-16T04:30:00Z,1.626624
2026-09-16T04:45:00Z,1.640524
2026-09-16T05:00:00Z,2.015061
2026-09-16T05:15:00Z,2.030171
2026-09-16T05:30:00Z,2.045789
2026-09-16T05:45:00Z,2.06185
2026-09-16T06:00:00Z,2.078284
2026-09-16T06:15:00Z,2.095021
2026-09-16T06:30:00Z,2.111989
2026-09-16T06:45:00Z,2.129115
2026-09-16T07:00:00Z,2.146326
2026-09-16T07:15:00Z,2.163549
2026-09-16T07:30:00Z,2.18071
2026-09-16T07:45:00Z,2.197735
2026-09-16T08:00:00Z,2.214551
2026-09-16T08:15:00Z,2.231086
2026-09-16T08:30:00Z,2.24727
2026-09-16T08:45:00Z,2.263033
2026-09-16T09:00:00Z,2.278308
2026-09-16T09:15:00Z,2.293029
2026-09-16T09:30:00Z,2.307134
2026-09-16T09:45:00Z,2.320561
2026-09-16T10:00:00Z,2.333254
2026-09-16T10:15:00Z,2.345157
2026-09-16T10:30:00Z,2.356221
2026-09-16T10:45:00Z,2.366397
2026-09-16T11:00:00Z,2.375642
2026-09-16T11:15:00Z,2.383917
2026-09-16T11:30:00Z,2.391186
2026-09-16T11:45:00Z,2.397418
2026-09-16T12:00:00Z,2.402586
2026-09-16T12:15:00Z,2.406668
2026-09-16T12:30:00Z,2.409646
2026-09-16T12:45:00Z,2.411509
2026-09-16T13:00:00Z,2.412247
2026-09-16T13:15:00Z,2.411859
2026-09-16T13:30:00Z,2.410344
2026-09-16T13:45:00Z,2.407711
2026-09-16T14:00:00Z,2.40397
2026-09-16T14:15:00Z,2.399136
2026-09-16T14:30:00Z,2.393232
2026-09-16T14:45:00Z,2.386282
2026-09-16T15:00:00Z,2.378316
2026-09-16T15:15:00Z,2.369368
2026-09-16T15:30:00Z,2.359476
2026-09-16T15:45:00Z,2.348683
2026-09-16T16:00:00Z,2.337035
2026-09-16T16:15:00Z,2.324581
2026-09-16T16:30:00Z,2.311376
2026-09-16T16:45:00Z,2.297476
2026-09-16T17:00:00Z,2.282939
2026-09-16T17:15:00Z,1.907829
2026-09-16T17:30:00Z,1.892211
2026-09-16T17:45:00Z,1.87615
2026-09-16T18:00:00Z,1.859716
2026-09-16T18:15:00Z,1.842979
2026-09-16T18:30:00Z,1.826011
2026-09-16T18:45:00Z,1.808885
2026-09-16T19:00:00Z,1.791674
2026-09-16T19:15:00Z,1.774451
2026-09-16T19:30:00Z,1.75729
2026-09-16T19:45:00Z,1.740265
2026-09-16T20:00:00Z,1.723449
2026-09-16T20:15:00Z,1.706914
2026-09-16T20:30:00Z,1.69073
2026-09-16T20:45:00Z,1.674967
2026-09-16T21:00:00Z,1.659692
2026-09-16T21:15:00Z,1.644971
2026-09-16T21:30:00Z,1.630866
2026-09-16T21:45:00Z,1.617439
2026-09-16T22:00:00Z,1.607746
2026-09-16T22:15:00Z,1.595843
2026-09-16T22:30:00Z,1.584779
2026-09-16T22:45:00Z,1.574603
2026-09-16T23:00:00Z,1.565358
2026-09-16T23:15:00Z,1.557083
2026-09-16T23:30:00Z,1.549814
2026-09-16T23:45:00Z,1.543582
2026-09-17T00:00:00Z,1.538414
2026-09-17T00:15:00Z,1.534332
2026-09-17T00:30:00Z,1.531354
2026-09-17T00:45:00Z,1.529491
2026-09-17T01:00:00Z,1.528753
2026-09-17T01:15:00Z,1.529141
2026-09-17T01:30:00Z,1.530656
2026-09-17T01:45:00Z,1.533289
2026-09-17T02:00:00Z,1.53703
2026-09-17T02:15:00Z,1.541864
2026-09-17T02:30:00Z,1.547768
2026-09-17T02:45:00Z,1.554718
2026-09-17T03:00:00Z,1.562684
2026-09-17T03:15:00Z,1.571632
2026-09-17T03:30:00Z,1.581524
2026-09-17T03:45:00Z,1.592317
2026-09-17T04:00:00Z,1.603965
2026-09-17T04:15:00Z,1.616419
2026-09-17T04:30:00Z,1.629624
2026-09-17T04:45:00Z,1.643524
2026-09-17T05:00:00Z,2.018061
2026-09-17T05:15:00Z,2.033171
2026-09-17T05:30:00Z,2.048789
2026-09-17T05:45:00Z,2.06485
2026-09-17T06:00:00Z,2.081284
2026-09-17T06:15:00Z,2.098021
2026-09-17T06:30:00Z,2.114989
2026-09-17T06:45:00Z,2.132115
2026-09-17T07:00:00Z,2.149326
2026-09-17T07:15:00Z,2.166549
2026-09-17T07:30:00Z,2.18371
2026-09-17T07:45:00Z,2.200735
2026-09-17T08:00:00Z,2.217551
2026-09-17T08:15:00Z,2.234086
2026-09-17T08:30:00Z,2.25027
2026-09-17T08:45:00Z,2.266033
2026-09-17T09:00:00Z,2.281308
2026-09-17T09:15:00Z,2.296029
2026-09-17T09:30:00Z,2.310134
2026-09-17T09:45:00Z,2.323561
2026-09-17T10:00:00Z,2.336254
2026-09-17T10:15:00Z,2.348157
2026-09-17T10:30:00Z,2.359221
2026-09-17T10:45:00Z,2.369397
2026-09-17T11:00:00Z,2.378642
2026-09-17T11:15:00Z,2.386917
2026-09-17T11:30:00Z,2.394186
2026-09-17T11:45:00Z,2.400418
2026-09-17T12:00:00Z,2.405586
2026-09-17T12:15:00Z,2.409668
2026-09-17T12:30:00Z,2.412646
2026-09-17T12:45:00Z,2.414509
2026-09-17T13:00:00Z,2.415247
2026-09-17T13:15:00Z,2.414859
2026-09-17T13:30:00Z,2.413344
2026-09-17T13:45:00Z,2.410711
2026-09-17T14:00:00Z,2.40697
2026-09-17T14:15:00Z,2.402136
2026-09-17T14:30:00Z,2.396232
2026-09-17T14:45:00Z,2.389282
2026-09-17T15:00:00Z,2.381316
2026-09-17T15:15:00Z,2.372368
2026-09-17T15:30:00Z,2.362476
2026-09-17T15:45:00Z,2.351683
2026-09-17T16:00:00Z,2.340035
2026-09-17T16:15:00Z,2.327581
2026-09-17T16:30:00Z,2.314376
2026-09-17T16:45:00Z,2.300476
2026-09-17T17:00:00Z,2.285939
2026-09-17T17:15:00Z,1.910829
2026-09-17T17:30:00Z,1.895211
2026-09-17T17:45:00Z,1.87915
2026-09-17T18:00:00Z,1.862716
2026-09-17T18:15:00Z,1.845979
2026-09-17T18:30:00Z,1.829011
2026-09-17T18:45:00Z,1.811885
2026-09-17T19:00:00Z,1.794674
2026-09-17T19:15:00Z,1.777451
2026-09-17T19:30:00Z,1.76029
2026-09-17T19:45:00Z,1.743265
2026-09-17T20:00:00Z,1.726449
2026-09-17T20:15:00Z,1.709914
2026-09-17T20:30:00Z,1.69373
2026-09-17T20:45:00Z,1.677967
2026-09-17T21:00:00Z,1.662692
2026-09-17T21:15:00Z,1.647971
2026-09-17T21:30:00Z,1.633866
2026-09-17T21:45:00Z,1.620439
2026-09-17T22:00:00Z,1.610746
2026-09-17T22:15:00Z,1.598843
2026-09-17T22:30:00Z,1.587779
2026-09-17T22:45:00Z,1.577603
2026-09-17T23:00:00Z,1.568358
2026-09-17T23:15:00Z,1.560083
2026-09-17T23:30:00Z,1.552814
2026-09-17T23:45:00Z,1.546582
2026-09-18T00:00:00Z,1.541414
2026-09-18T00:15:00Z,1.537332
2026-09-18T00:30:00Z,1.534354
2026-09-18T00:45:00Z,1.532491
2026-09-18T01:00:00Z,1.531753
2026-09-18T01:15:00Z,1.532141
2026-09-18T01:30:00Z,1.533656
2026-09-18T01:45:00Z,1.536289
2026-09-18T02:00:00Z,1.54003
2026-09-18T02:15:00Z,1.544864
2026-09-18T02:30:00Z,1.550768
2026-09-18T02:45:00Z,1.557718
2026-09-18T03:00:00Z,1.565684
2026-09-18T03:15:00Z,1.574632
2026-09-18T03:30:00Z,1.584524
2026-09-18T03:45:00Z,1.595317
2026-09-18T04:00:00Z,1.606965
2026-09-18T04:15:00Z,1.619419
2026-09-18T04:30:00Z,1.632624
2026-09-18T04:45:00Z,1.646524
2026-09-18T05:00:00Z,2.021061
2026-09-18T05:15:00Z,2.036171
2026-09-18T05:30:00Z,2.051789
2026-09-18T05:45:00Z,2.06785
2026-09-18T06:00:00Z,2.084284
2026-09-18T06:15:00Z,2.101021
2026-09-18T06:30:00Z,2.117989
2026-09-18T06:45:00Z,2.135115
2026-09-18T07:00:00Z,2.152326
2026-09-18T07:15:00Z,2.169549
2026-09-18T07:30:00Z,2.18671
2026-09-18T07:45:00Z,2.203735
2026-09-18T08:00:00Z,2.220551
2026-09-18T08:15:00Z,2.237086
2026-09-18T08:30:00Z,2.25327
2026-09-18T08:45:00Z,2.269033
2026-09-18T09:00:00Z,2.284308
2026-09-18T09:15:00Z,2.299029
2026-09-18T09:30:00Z,2.313134
2026-09-18T09:45:00Z,2.326561
2026-09-18T10:00:00Z,2.339254
2026-09-18T10:15:00Z,2.351157
2026-09-18T10:30:00Z,2.362221
2026-09-18T10:45:00Z,2.372397
2026-09-18T11:00:00Z,2.381642
2026-09-18T11:15:00Z,2.389917
2026-09-18T11:30:00Z,2.397186
2026-09-18T11:45:00Z,2.403418
2026-09-18T12:00:00Z,2.408586
2026-09-18T12:15:00Z,2.412668
2026-09-18T12:30:00Z,2.415646
2026-09-18T12:45:00Z,2.417509
2026-09-18T13:00:00Z,2.418247
2026-09-18T13:15:00Z,2.417859
2026-09-18T13:30:00Z,2.416344
2026-09-18T13:45:00Z,2.413711
2026-09-18T14:00:00Z,2.40997
2026-09-18T14:15:00Z,2.405136
2026-09-18T14:30:00Z,2.399232
2026-09-18T14:45:00Z,2.392282
2026-09-18T15:00:00Z,2.384316
2026-09-18T15:15:00Z,2.375368
2026-09-18T15:30:00Z,2.365476
2026-09-18T15:45:00Z,2.354683
2026-09-18T16:00:00Z,2.343035
2026-09-18T16:15:00Z,2.330581
2026-09-18T16:30:00Z,2.317376
2026-09-18T16:45:00Z,2.303476
2026-09-18T17:00:00Z,2.288939
2026-09-18T17:15:00Z,1.913829
2026-09-18T17:30:00Z,1.898211
2026-09-18T17:45:00Z,1.88215
2026-09-18T18:00:00Z,1.865716
2026-09-18T18:15:00Z,1.848979
2026-09-18T18:30:00Z,1.832011
2026-09-18T18:45:00Z,1.814885
2026-09-18T19:00:00Z,1.797674
2026-09-18T19:15:00Z,1.780451
2026-09-18T19:30:00Z,1.76329
2026-09-18T19:45:00Z,1.746265
2026-09-18T20:00:00Z,1.729449
2026-09-18T20:15:00Z,1.712914
2026-09-18T20:30:00Z,1.69673
2026-09-18T20:45:00Z,1.680967
2026-09-18T21:00:00Z,1.665692
2026-09-18T21:15:00Z,1.650971
2026-09-18T21:30:00Z,1.636866
2026-09-18T21:45:00Z,1.623439
2026-09-18T22:00:00Z,1.433746
2026-09-18T22:15:00Z,1.421843
2026-09-18T22:30:00Z,1.410779
2026-09-18T22:45:00Z,1.400603
2026-09-18T23:00:00Z,1.391358
2026-09-18T23:15:00Z,1.383083
2026-09-18T23:30:00Z,1.375814
2026-09-18T23:45:00Z,1.369582
2026-09-19T00:00:00Z,1.364414
2026-09-19T00:15:00Z,1.360332
2026-09-19T00:30:00Z,1.357354
2026-09-19T00:45:00Z,1.355491
2026-09-19T01:00:00Z,1.354753
2026-09-19T01:15:00Z,1.355141
2026-09-19T01:30:00Z,1.356656
2026-09-19T01:45:00Z,1.359289
2026-09-19T02:00:00Z,1.36303
2026-09-19T02:15:00Z,1.367864
2026-09-19T02:30:00Z,1.373768
2026-09-19T02:45:00Z,1.380718
2026-09-19T03:00:00Z,1.388684
2026-09-19T03:15:00Z,1.397632
2026-09-19T03:30:00Z,1.407524
2026-09-19T03:45:00Z,1.418317
2026-09-19T04:00:00Z,1.429965
2026-09-19T04:15:00Z,1.442419
2026-09-19T04:30:00Z,1.455624
2026-09-19T04:45:00Z,1.469524
2026-09-19T05:00:00Z,1.484061
2026-09-19T05:15:00Z,1.499171
2026-09-19T05:30:00Z,1.514789
2026-09-19T05:45:00Z,1.53085
2026-09-19T06:00:00Z,1.547284
2026-09-19T06:15:00Z,1.564021
2026-09-19T06:30:00Z,1.580989
2026-09-19T06:45:00Z,1.598115
2026-09-19T07:00:00Z,1.615326
2026-09-19T07:15:00Z,1.632549
2026-09-19T07:30:00Z,1.64971
2026-09-19T07:45:00Z,1.666735
2026-09-19T08:00:00Z,1.683551
2026-09-19T08:15:00Z,1.700086
2026-09-19T08:30:00Z,1.71627
2026-09-19T08:45:00Z,1.732033
2026-09-19T09:00:00Z,1.747308
2026-09-19T09:15:00Z,1.762029
2026-09-19T09:30:00Z,1.776134
2026-09-19T09:45:00Z,1.789561
2026-09-19T10:00:00Z,1.802254
2026-09-19T10:15:00Z,1.814157
2026-09-19T10:30:00Z,1.825221
2026-09-19T10:45:00Z,1.835397
2026-09-19T11:00:00Z,1.844642
2026-09-19T11:15:00Z,1.852917
2026-09-19T11:30:00Z,1.860186
2026-09-19T11:45:00Z,1.866418
2026-09-19T12:00:00Z,1.871586
2026-09-19T12:15:00Z,1.875668
2026-09-19T12:30:00Z,1.878646
2026-09-19T12:45:00Z,1.880509
2026-09-19T13:00:00Z,1.881247
2026-09-19T13:15:00Z,1.880859
2026-09-19T13:30:00Z,1.879344
2026-09-19T13:45:00Z,1.876711
2026-09-19T14:00:00Z,1.87297
2026-09-19T14:15:00Z,1.868136
2026-09-19T14:30:00Z,1.862232
2026-09-19T14:45:00Z,1.855282
2026-09-19T15:00:00Z,1.847316
2026-09-19T15:15:00Z,1.838368
2026-09-19T15:30:00Z,1.828476
2026-09-19T15:45:00Z,1.817683
2026-09-19T16:00:00Z,1.806035
2026-09-19T16:15:00Z,1.793581
2026-09-19T16:30:00Z,1.780376
2026-09-19T16:45:00Z,1.766476
2026-09-19T17:00:00Z,1.751939
2026-09-19T17:15:00Z,1.736829
2026-09-19T17:30:00Z,1.721211
2026-09-19T17:45:00Z,1.70515
2026-09-19T18:00:00Z,1.688716
2026-09-19T18:15:00Z,1.671979
2026-09-19T18:30:00Z,1.655011
2026-09-19T18:45:00Z,1.637885
2026-09-19T19:00:00Z,1.620674
2026-09-19T19:15:00Z,1.603451
2026-09-19T19:30:00Z,1.58629
2026-09-19T19:45:00Z,1.569265
2026-09-19T20:00:00Z,1.552449
2026-09-19T20:15:00Z,1.535914
2026-09-19T20:30:00Z,1.51973
2026-09-19T20:45:00Z,1.503967
2026-09-19T21:00:00Z,1.488692
2026-09-19T21:15:00Z,1.473971
2026-09-19T21:30:00Z,1.459866
2026-09-19T21:45:00Z,1.446439
2026-09-19T22:00:00Z,1.436746
2026-09-19T22:15:00Z,1.424843
2026-09-19T22:30:00Z,1.413779
2026-09-19T22:45:00Z,1.403603
2026-09-19T23:00:00Z,1.394358
2026-09-19T23:15:00Z,1.386083
2026-09-19T23:30:00Z,1.378814
2026-09-19T23:45:00Z,1.372582
2026-09-20T00:00:00Z,1.367414
2026-09-20T00:15:00Z,1.363332
2026-09-20T00:30:00Z,1.360354
2026-09-20T00:45:00Z,1.358491
2026-09-20T01:00:00Z,1.357753
2026-09-20T01:15:00Z,1.358141
2026-09-20T01:30:00Z,1.359656
2026-09-20T01:45:00Z,1.362289
2026-09-20T02:00:00Z,1.36603
2026-09-20T02:15:00Z,1.370864
2026-09-20T02:30:00Z,1.376768
2026-09-20T02:45:00Z,1.383718
2026-09-20T03:00:00Z,1.391684
2026-09-20T03:15:00Z,1.400632
2026-09-20T03:30:00Z,1.410524
2026-09-20T03:45:00Z,1.421317
2026-09-20T04:00:00Z,1.432965
2026-09-20T04:15:00Z,1.445419
2026-09-20T04:30:00Z,1.458624
2026-09-20T04:45:00Z,1.472524
2026-09-20T05:00:00Z,1.487061
2026-09-20T05:15:00Z,1.502171
2026-09-20T05:30:00Z,1.517789
2026-09-20T05:45:00Z,1.53385
2026-09-20T06:00:00Z,1.550284
2026-09-20T06:15:00Z,1.567021
2026-09-20T06:30:00Z,1.583989
2026-09-20T06:45:00Z,1.601115
2026-09-20T07:00:00Z,1.618326
2026-09-20T07:15:00Z,1.635549
2026-09-20T07:30:00Z,1.65271
2026-09-20T07:45:00Z,1.669735
2026-09-20T08:00:00Z,1.686551
2026-09-20T08:15:00Z,1.703086
2026-09-20T08:30:00Z,1.71927
2026-09-20T08:45:00Z,1.735033
2026-09-20T09:00:00Z,1.750308
2026-09-20T09:15:00Z,1.765029
2026-09-20T09:30:00Z,1.779134
2026-09-20T09:45:00Z,1.792561
2026-09-20T10:00:00Z,1.805254
2026-09-20T10:15:00Z,1.817157
2026-09-20T10:30:00Z,1.828221
2026-09-20T10:45:00Z,1.838397
2026-09-20T11:00:00Z,1.847642
2026-09-20T11:15:00Z,1.855917
2026-09-20T11:30:00Z,1.863186
2026-09-20T11:45:00Z,1.869418
2026-09-20T12:00:00Z,1.874586
2026-09-20T12:15:00Z,1.878668
2026-09-20T12:30:00Z,1.881646
2026-09-20T12:45:00Z,1.883509
2026-09-20T13:00:00Z,1.884247
2026-09-20T13:15:00Z,1.883859
2026-09-20T13:30:00Z,1.882344
2026-09-20T13:45:00Z,1.879711
2026-09-20T14:00:00Z,1.87597
2026-09-20T14:15:00Z,1.871136
2026-09-20T14:30:00Z,1.865232
2026-09-20T14:45:00Z,1.858282
2026-09-20T15:00:00Z,1.850316
2026-09-20T15:15:00Z,1.841368
2026-09-20T15:30:00Z,1.831476
2026-09-20T15:45:00Z,1.820683
2026-09-20T16:00:00Z,1.809035
2026-09-20T16:15:00Z,1.796581
2026-09-20T16:30:00Z,1.783376
2026-09-20T16:45:00Z,1.769476
2026-09-20T17:00:00Z,1.754939
2026-09-20T17:15:00Z,1.739829
2026-09-20T17:30:00Z,1.724211
2026-09-20T17:45:00Z,1.70815
2026-09-20T18:00:00Z,1.691716
2026-09-20T18:15:00Z,1.674979
2026-09-20T18:30:00Z,1.658011
2026-09-20T18:45:00Z,1.640885
2026-09-20T19:00:00Z,1.623674
2026-09-20T19:15:00Z,1.606451
2026-09-20T19:30:00Z,1.58929
2026-09-20T19:45:00Z,1.572265
2026-09-20T20:00:00Z,1.555449
2026-09-20T20:15:00Z,1.538914
2026-09-20T20:30:00Z,1.52273
2026-09-20T20:45:00Z,1.506967
2026-09-20T21:00:00Z,1.491692
2026-09-20T21:15:00Z,1.476971
2026-09-20T21:30:00Z,1.462866
2026-09-20T21:45:00Z,1.449439
2026-09-20T22:00:00Z,1.619746
2026-09-20T22:15:00Z,1.607843
2026-09-20T22:30:00Z,1.596779
2026-09-20T22:45:00Z,1.586603
2026-09-20T23:00:00Z,1.577358
2026-09-20T23:15:00Z,1.569083
2026-09-20T23:30:00Z,1.561814
2026-09-20T23:45:00Z,1.555582
2026-09-21T00:00:00Z,1.550414
2026-09-21T00:15:00Z,1.546332
2026-09-21T00:30:00Z,1.543354
2026-09-21T00:45:00Z,1.541491
2026-09-21T01:00:00Z,1.540753
2026-09-21T01:15:00Z,1.541141
2026-09-21T01:30:00Z,1.542656
2026-09-21T01:45:00Z,1.545289
2026-09-21T02:00:00Z,1.54903
2026-09-21T02:15:00Z,1.553864
2026-09-21T02:30:00Z,1.559768
2026-09-21T02:45:00Z,1.566718
2026-09-21T03:00:00Z,1.574684
2026-09-21T03:15:00Z,1.583632
2026-09-21T03:30:00Z,1.593524
2026-09-21T03:45:00Z,1.604317
2026-09-21T04:00:00Z,1.615965
2026-09-21T04:15:00Z,1.628419
2026-09-21T04:30:00Z,1.641624
2026-09-21T04:45:00Z,1.655524
2026-09-21T05:00:00Z,2.030061
2026-09-21T05:15:00Z,2.045171
2026-09-21T05:30:00Z,2.060789
2026-09-21T05:45:00Z,2.07685
2026-09-21T06:00:00Z,2.093284
2026-09-21T06:15:00Z,2.110021
2026-09-21T06:30:00Z,2.126989
2026-09-21T06:45:00Z,2.144115
2026-09-21T07:00:00Z,2.161326
2026-09-21T07:15:00Z,2.178549
2026-09-21T07:30:00Z,2.19571
2026-09-21T07:45:00Z,2.212735
2026-09-21T08:00:00Z,2.229551
2026-09-21T08:15:00Z,2.246086
2026-09-21T08:30:00Z,2.26227
2026-09-21T08:45:00Z,2.278033
2026-09-21T09:00:00Z,2.293308
2026-09-21T09:15:00Z,2.308029
2026-09-21T09:30:00Z,2.322134
2026-09-21T09:45:00Z,2.335561
2026-09-21T10:00:00Z,2.348254
2026-09-21T10:15:00Z,2.360157
2026-09-21T10:30:00Z,2.371221
2026-09-21T10:45:00Z,2.381397
2026-09-21T11:00:00Z,2.390642
2026-09-21T11:15:00Z,2.398917
2026-09-21T11:30:00Z,2.406186
2026-09-21T11:45:00Z,2.412418
2026-09-21T12:00:00Z,2.417586
2026-09-21T12:15:00Z,2.421668
2026-09-21T12:30:00Z,2.424646
2026-09-21T12:45:00Z,2.426509
2026-09-21T13:00:00Z,2.427247
2026-09-21T13:15:00Z,2.426859
2026-09-21T13:30:00Z,2.425344
2026-09-21T13:45:00Z,2.422711
2026-09-21T14:00:00Z,2.41897
2026-09-21T14:15:00Z,2.414136
2026-09-21T14:30:00Z,2.408232
2026-09-21T14:45:00Z,2.401282
2026-09-21T15:00:00Z,2.393316
2026-09-21T15:15:00Z,2.384368
2026-09-21T15:30:00Z,2.374476
2026-09-21T15:45:00Z,2.363683
2026-09-21T16:00:00Z,2.352035
2026-09-21T16:15:00Z,2.339581
2026-09-21T16:30:00Z,2.326376
2026-09-21T16:45:00Z,2.312476
2026-09-21T17:00:00Z,2.297939
2026-09-21T17:15:00Z,1.922829
2026-09-21T17:30:00Z,1.907211
2026-09-21T17:45:00Z,1.89115
2026-09-21T18:00:00Z,1.874716
2026-09-21T18:15:00Z,1.857979
2026-09-21T18:30:00Z,1.841011
2026-09-21T18:45:00Z,1.823885
2026-09-21T19:00:00Z,1.806674
2026-09-21T19:15:00Z,1.789451
2026-09-21T19:30:00Z,1.77229
2026-09-21T19:45:00Z,1.755265
2026-09-21T20:00:00Z,1.738449
2026-09-21T20:15:00Z,1.721914
2026-09-21T20:30:00Z,1.70573
2026-09-21T20:45:00Z,1.689967
2026-09-21T21:00:00Z,1.674692
2026-09-21T21:15:00Z,1.659971
2026-09-21T21:30:00Z,1.645866
2026-09-21T21:45:00Z,1.632439
2026-09-21T22:00:00Z,1.622746
2026-09-21T22:15:00Z,1.610843
2026-09-21T22:30:00Z,1.599779
2026-09-21T22:45:00Z,1.589603
2026-09-21T23:00:00Z,1.580358
2026-09-21T23:15:00Z,1.572083
2026-09-21T23:30:00Z,1.564814
2026-09-21T23:45:00Z,1.558582
2026-09-22T00:00:00Z,1.553414
2026-09-22T00:15:00Z,1.549332
2026-09-22T00:30:00Z,1.546354
2026-09-22T00:45:00Z,1.544491
2026-09-22T01:00:00Z,1.543753
2026-09-22T01:15:00Z,1.544141
2026-09-22T01:30:00Z,1.545656
2026-09-22T01:45:00Z,1.548289
2026-09-22T02:00:00Z,1.55203
2026-09-22T02:15:00Z,1.556864
2026-09-22T02:30:00Z,1.562768
2026-09-22T02:45:00Z,1.569718
2026-09-22T03:00:00Z,1.577684
2026-09-22T03:15:00Z,1.586632
2026-09-22T03:30:00Z,1.596524
2026-09-22T03:45:00Z,1.607317
2026-09-22T04:00:00Z,1.618965
2026-09-22T04:15:00Z,1.631419
2026-09-22T04:30:00Z,1.644624
2026-09-22T04:45:00Z,1.658524
2026-09-22T05:00:00Z,2.033061
2026-09-22T05:15:00Z,2.048171
2026-09-22T05:30:00Z,2.063789
2026-09-22T05:45:00Z,2.07985
2026-09-22T06:00:00Z,2.096284
2026-09-22T06:15:00Z,2.113021
2026-09-22T06:30:00Z,2.129989
2026-09-22T06:45:00Z,2.147115
2026-09-22T07:00:00Z,2.164326
2026-09-22T07:15:00Z,2.181549
2026-09-22T07:30:00Z,2.19871
2026-09-22T07:45:00Z,2.215735
2026-09-22T08:00:00Z,2.232551
2026-09-22T08:15:00Z,2.249086
2026-09-22T08:30:00Z,2.26527
2026-09-22T08:45:00Z,2.281033
2026-09-22T09:00:00Z,2.296308
2026-09-22T09:15:00Z,2.311029
2026-09-22T09:30:00Z,2.325134
2026-09-22T09:45:00Z,2.338561
2026-09-22T10:00:00Z,2.351254
2026-09-22T10:15:00Z,2.363157
2026-09-22T10:30:00Z,2.374221
2026-09-22T10:45:00Z,2.384397
2026-09-22T11:00:00Z,2.393642
2026-09-22T11:15:00Z,2.401917
2026-09-22T11:30:00Z,2.409186
2026-09-22T11:45:00Z,2.415418
2026-09-22T12:00:00Z,2.420586
2026-09-22T12:15:00Z,2.424668
2026-09-22T12:30:00Z,2.427646
2026-09-22T12:45:00Z,2.429509
2026-09-22T13:00:00Z,2.430247
2026-09-22T13:15:00Z,2.429859
2026-09-22T13:30:00Z,2.428344
2026-09-22T13:45:00Z,2.425711
2026-09-22T14:00:00Z,2.42197
2026-09-22T14:15:00Z,2.417136
2026-09-22T14:30:00Z,2.411232
2026-09-22T14:45:00Z,2.404282
2026-09-22T15:00:00Z,2.396316
2026-09-22T15:15:00Z,2.387368
2026-09-22T15:30:00Z,2.377476
2026-09-22T15:45:00Z,2.366683
2026-09-22T16:00:00Z,2.355035
2026-09-22T16:15:00Z,2.342581
2026-09-22T16:30:00Z,2.329376
2026-09-22T16:45:00Z,2.315476
2026-09-22T17:00:00Z,2.300939
2026-09-22T17:15:00Z,1.925829
2026-09-22T17:30:00Z,1.910211
2026-09-22T17:45:00Z,1.89415
2026-09-22T18:00:00Z,1.877716
2026-09-22T18:15:00Z,1.860979
2026-09-22T18:30:00Z,1.844011
2026-09-22T18:45:00Z,1.826885
2026-09-22T19:00:00Z,1.809674
2026-09-22T19:15:00Z,1.792451
2026-09-22T19:30:00Z,1.77529
2026-09-22T19:45:00Z,1.758265
2026-09-22T20:00:00Z,1.741449
2026-09-22T20:15:00Z,1.724914
2026-09-22T20:30:00Z,1.70873
2026-09-22T20:45:00Z,1.692967
2026-09-22T21:00:00Z,1.677692
2026-09-22T21:15:00Z,1.662971
2026-09-22T21:30:00Z,1.648866
2026-09-22T21:45:00Z,1.635439
2026-09-22T22:00:00Z,1.625746
2026-09-22T22:15:00Z,1.613843
2026-09-22T22:30:00Z,1.602779
2026-09-22T22:45:00Z,1.592603
2026-09-22T23:00:00Z,1.583358
2026-09-22T23:15:00Z,1.575083
2026-09-22T23:30:00Z,1.567814
2026-09-22T23:45:00Z,1.561582
2026-09-23T00:00:00Z,1.556414
2026-09-23T00:15:00Z,1.552332
2026-09-23T00:30:00Z,1.549354
2026-09-23T00:45:00Z,1.547491
2026-09-23T01:00:00Z,1.546753
2026-09-23T01:15:00Z,1.547141
2026-09-23T01:30:00Z,1.548656
2026-09-23T01:45:00Z,1.551289
2026-09-23T02:00:00Z,1.55503
2026-09-23T02:15:00Z,1.559864
2026-09-23T02:30:00Z,1.565768
2026-09-23T02:45:00Z,1.572718
2026-09-23T03:00:00Z,1.580684
2026-09-23T03:15:00Z,1.589632
2026-09-23T03:30:00Z,1.599524
2026-09-23T03:45:00Z,1.610317
2026-09-23T04:00:00Z,1.621965
2026-09-23T04:15:00Z,1.634419
2026-09-23T04:30:00Z,1.647624
2026-09-23T04:45:00Z,1.661524
2026-09-23T05:00:00Z,2.036061
2026-09-23T05:15:00Z,2.051171
2026-09-23T05:30:00Z,2.066789
2026-09-23T05:45:00Z,2.08285
2026-09-23T06:00:00Z,2.099284
2026-09-23T06:15:00Z,2.116021
2026-09-23T06:30:00Z,2.132989
2026-09-23T06:45:00Z,2.150115
2026-09-23T07:00:00Z,2.167326
2026-09-23T07:15:00Z,2.184549
2026-09-23T07:30:00Z,2.20171
2026-09-23T07:45:00Z,2.218735
2026-09-23T08:00:00Z,2.235551
2026-09-23T08:15:00Z,2.252086
2026-09-23T08:30:00Z,2.26827
2026-09-23T08:45:00Z,2.284033
2026-09-23T09:00:00Z,2.299308
2026-09-23T09:15:00Z,2.314029
2026-09-23T09:30:00Z,2.328134
2026-09-23T09:45:00Z,2.341561
2026-09-23T10:00:00Z,2.354254
2026-09-23T10:15:00Z,2.366157
2026-09-23T10:30:00Z,2.377221
2026-09-23T10:45:00Z,2.387397
2026-09-23T11:00:00Z,2.396642
2026-09-23T11:15:00Z,2.404917
2026-09-23T11:30:00Z,2.412186
2026-09-23T11:45:00Z,2.418418
2026-09-23T12:00:00Z,2.423586
2026-09-23T12:15:00Z,2.427668
2026-09-23T12:30:00Z,2.430646
2026-09-23T12:45:00Z,2.432509
2026-09-23T13:00:00Z,2.433247
2026-09-23T13:15:00Z,2.432859
2026-09-23T13:30:00Z,2.431344
2026-09-23T13:45:00Z,2.428711
2026-09-23T14:00:00Z,2.42497
2026-09-23T14:15:00Z,2.420136
2026-09-23T14:30:00Z,2.414232
2026-09-23T14:45:00Z,2.407282
2026-09-23T15:00:00Z,2.399316
2026-09-23T15:15:00Z,2.390368
2026-09-23T15:30:00Z,2.380476
2026-09-23T15:45:00Z,2.369683
2026-09-23T16:00:00Z,2.358035
2026-09-23T16:15:00Z,2.345581
2026-09-23T16:30:00Z,2.332376
2026-09-23T16:45:00Z,2.318476
2026-09-23T17:00:00Z,2.303939
2026-09-23T17:15:00Z,1.928829
2026-09-23T17:30:00Z,1.913211
2026-09-23T17:45:00Z,1.89715
2026-09-23T18:00:00Z,1.880716
2026-09-23T18:15:00Z,1.863979
2026-09-23T18:30:00Z,1.847011
2026-09-23T18:45:00Z,1.829885
2026-09-23T19:00:00Z,1.812674
2026-09-23T19:15:00Z,1.795451
2026-09-23T19:30:00Z,1.77829
2026-09-23T19:45:00Z,1.761265
2026-09-23T20:00:00Z,1.744449
2026-09-23T20:15:00Z,1.727914
2026-09-23T20:30:00Z,1.71173
2026-09-23T20:45:00Z,1.695967
2026-09-23T21:00:00Z,1.680692
2026-09-23T21:15:00Z,1.665971
2026-09-23T21:30:00Z,1.651866
2026-09-23T21:45:00Z,1.638439
2026-09-23T22:00:00Z,1.628746
2026-09-23T22:15:00Z,1.616843
2026-09-23T22:30:00Z,1.605779
2026-09-23T22:45:00Z,1.595603
2026-09-23T23:00:00Z,1.586358
2026-09-23T23:15:00Z,1.578083
2026-09-23T23:30:00Z,1.570814
2026-09-23T23:45:00Z,1.564582
2026-09-24T00:00:00Z,1.559414
2026-09-24T00:15:00Z,1.555332
2026-09-24T00:30:00Z,1.552354
2026-09-24T00:45:00Z,1.550491
2026-09-24T01:00:00Z,1.549753
2026-09-24T01:15:00Z,1.550141
2026-09-24T01:30:00Z,1.551656
2026-09-24T01:45:00Z,1.554289
2026-09-24T02:00:00Z,1.55803
2026-09-24T02:15:00Z,1.562864
2026-09-24T02:30:00Z,1.568768
2026-09-24T02:45:00Z,1.575718
2026-09-24T03:00:00Z,1.583684
2026-09-24T03:15:00Z,1.592632
2026-09-24T03:30:00Z,1.602524
2026-09-24T03:45:00Z,1.613317
2026-09-24T04:00:00Z,1.624965
2026-09-24T04:15:00Z,1.637419
2026-09-24T04:30:00Z,1.650624
2026-09-24T04:45:00Z,1.664524
2026-09-24T05:00:00Z,2.039061
2026-09-24T05:15:00Z,2.054171
2026-09-24T05:30:00Z,2.069789
2026-09-24T05:45:00Z,2.08585
2026-09-24T06:00:00Z,2.102284
2026-09-24T06:15:00Z,2.119021
2026-09-24T06:30:00Z,2.135989
2026-09-24T06:45:00Z,2.153115
2026-09-24T07:00:00Z,2.170326
2026-09-24T07:15:00Z,2.187549
2026-09-24T07:30:00Z,2.20471
2026-09-24T07:45:00Z,2.221735
2026-09-24T08:00:00Z,2.238551
2026-09-24T08:15:00Z,2.255086
2026-09-24T08:30:00Z,2.27127
2026-09-24T08:45:00Z,2.287033
2026-09-24T09:00:00Z,2.302308
2026-09-24T09:15:00Z,2.317029
2026-09-24T09:30:00Z,2.331134
2026-09-24T09:45:00Z,2.344561
2026-09-24T10:00:00Z,2.357254
2026-09-24T10:15:00Z,2.369157
2026-09-24T10:30:00Z,2.380221
2026-09-24T10:45:00Z,2.390397
2026-09-24T11:00:00Z,2.399642
2026-09-24T11:15:00Z,2.407917
2026-09-24T11:30:00Z,2.415186
2026-09-24T11:45:00Z,2.421418
2026-09-24T12:00:00Z,2.426586
2026-09-24T12:15:00Z,2.430668
2026-09-24T12:30:00Z,2.433646
2026-09-24T12:45:00Z,2.435509
2026-09-24T13:00:00Z,2.436247
2026-09-24T13:15:00Z,2.435859
2026-09-24T13:30:00Z,2.434344
2026-09-24T13:45:00Z,2.431711
2026-09-24T14:00:00Z,2.42797
2026-09-24T14:15:00Z,2.423136
2026-09-24T14:30:00Z,2.417232
2026-09-24T14:45:00Z,2.410282
2026-09-24T15:00:00Z,2.402316
2026-09-24T15:15:00Z,2.393368
2026-09-24T15:30:00Z,2.383476
2026-09-24T15:45:00Z,2.372683
2026-09-24T16:00:00Z,2.361035
2026-09-24T16:15:00Z,2.348581
2026-09-24T16:30:00Z,2.335376
2026-09-24T16:45:00Z,2.321476
2026-09-24T17:00:00Z,2.306939
2026-09-24T17:15:00Z,1.931829
2026-09-24T17:30:00Z,1.916211
2026-09-24T17:45:00Z,1.90015
2026-09-24T18:00:00Z,1.883716
2026-09-24T18:15:00Z,1.866979
2026-09-24T18:30:00Z,1.850011
2026-09-24T18:45:00Z,1.832885
2026-09-24T19:00:00Z,1.815674
2026-09-24T19:15:00Z,1.798451
2026-09-24T19:30:00Z,1.78129
2026-09-24T19:45:00Z,1.764265
2026-09-24T20:00:00Z,1.747449
2026-09-24T20:15:00Z,1.730914
2026-09-24T20:30:00Z,1.71473
2026-09-24T20:45:00Z,1.698967
2026-09-24T21:00:00Z,1.683692
2026-09-24T21:15:00Z,1.668971
2026-09-24T21:30:00Z,1.654866
2026-09-24T21:45:00Z,1.641439
2026-09-24T22:00:00Z,1.631746
2026-09-24T22:15:00Z,1.619843
2026-09-24T22:30:00Z,1.608779
2026-09-24T22:45:00Z,1.598603
2026-09-24T23:00:00Z,1.589358
2026-09-24T23:15:00Z,1.581083
2026-09-24T23:30:00Z,1.573814
2026-09-24T23:45:00Z,1.567582
2026-09-25T00:00:00Z,1.562414
2026-09-25T00:15:00Z,1.558332
2026-09-25T00:30:00Z,1.555354
2026-09-25T00:45:00Z,1.553491
2026-09-25T01:00:00Z,1.552753
2026-09-25T01:15:00Z,1.553141
2026-09-25T01:30:00Z,1.554656
2026-09-25T01:45:00Z,1.557289
2026-09-25T02:00:00Z,1.56103
2026-09-25T02:15:00Z,1.565864
2026-09-25T02:30:00Z,1.571768
2026-09-25T02:45:00Z,1.578718
2026-09-25T03:00:00Z,1.586684
2026-09-25T03:15:00Z,1.595632
2026-09-25T03:30:00Z,1.605524
2026-09-25T03:45:00Z,1.616317
2026-09-25T04:00:00Z,1.627965
2026-09-25T04:15:00Z,1.640419
2026-09-25T04:30:00Z,1.653624
2026-09-25T04:45:00Z,1.667524
2026-09-25T05:00:00Z,2.042061
2026-09-25T05:15:00Z,2.057171
2026-09-25T05:30:00Z,2.072789
2026-09-25T05:45:00Z,2.08885
2026-09-25T06:00:00Z,2.105284
2026-09-25T06:15:00Z,2.122021
2026-09-25T06:30:00Z,2.138989
2026-09-25T06:45:00Z,2.156115
2026-09-25T07:00:00Z,2.173326
2026-09-25T07:15:00Z,2.190549
2026-09-25T07:30:00Z,2.20771
2026-09-25T07:45:00Z,2.224735
2026-09-25T08:00:00Z,2.241551
2026-09-25T08:15:00Z,2.258086
2026-09-25T08:30:00Z,2.27427
2026-09-25T08:45:00Z,2.290033
2026-09-25T09:00:00Z,2.305308
2026-09-25T09:15:00Z,2.320029
2026-09-25T09:30:00Z,2.334134
2026-09-25T09:45:00Z,2.347561
2026-09-25T10:00:00Z,2.360254
2026-09-25T10:15:00Z,2.372157
2026-09-25T10:30:00Z,2.383221
2026-09-25T10:45:00Z,2.393397
2026-09-25T11:00:00Z,2.402642
2026-09-25T11:15:00Z,2.410917
2026-09-25T11:30:00Z,2.418186
2026-09-25T11:45:00Z,2.424418
2026-09-25T12:00:00Z,2.429586
2026-09-25T12:15:00Z,2.433668
2026-09-25T12:30:00Z,2.436646
2026-09-25T12:45:00Z,2.438509
2026-09-25T13:00:00Z,2.439247
2026-09-25T13:15:00Z,2.438859
2026-09-25T13:30:00Z,2.437344
2026-09-25T13:45:00Z,2.434711
2026-09-25T14:00:00Z,2.43097
2026-09-25T14:15:00Z,2.426136
2026-09-25T14:30:00Z,2.420232
2026-09-25T14:45:00Z,2.413282
2026-09-25T15:00:00Z,2.405316
2026-09-25T15:15:00Z,2.396368
2026-09-25T15:30:00Z,2.386476
2026-09-25T15:45:00Z,2.375683
2026-09-25T16:00:00Z,2.364035
2026-09-25T16:15:00Z,2.351581
2026-09-25T16:30:00Z,2.338376
2026-09-25T16:45:00Z,2.324476
2026-09-25T17:00:00Z,2.309939
2026-09-25T17:15:00Z,1.934829
2026-09-25T17:30:00Z,1.919211
2026-09-25T17:45:00Z,1.90315
2026-09-25T18:00:00Z,1.886716
2026-09-25T18:15:00Z,1.869979
2026-09-25T18:30:00Z,1.853011
2026-09-25T18:45:00Z,1.835885
2026-09-25T19:00:00Z,1.818674
2026-09-25T19:15:00Z,1.801451
2026-09-25T19:30:00Z,1.78429
2026-09-25T19:45:00Z,1.767265
2026-09-25T20:00:00Z,1.750449
2026-09-25T20:15:00Z,1.733914
2026-09-25T20:30:00Z,1.71773
2026-09-25T20:45:00Z,1.701967
2026-09-25T21:00:00Z,1.686692
2026-09-25T21:15:00Z,1.671971
2026-09-25T21:30:00Z,1.657866
2026-09-25T21:45:00Z,1.644439
2026-09-25T22:00:00Z,1.454746
2026-09-25T22:15:00Z,1.442843
2026-09-25T22:30:00Z,1.431779
2026-09-25T22:45:00Z,1.421603
2026-09-25T23:00:00Z,1.412358
2026-09-25T23:15:00Z,1.404083
2026-09-25T23:30:00Z,1.396814
2026-09-25T23:45:00Z,1.390582
2026-09-26T00:00:00Z,1.385414
2026-09-26T00:15:00Z,1.381332
2026-09-26T00:30:00Z,1.378354
2026-09-26T00:45:00Z,1.376491
2026-09-26T01:00:00Z,1.375753
2026-09-26T01:15:00Z,1.376141
2026-09-26T01:30:00Z,1.377656
2026-09-26T01:45:00Z,1.380289
2026-09-26T02:00:00Z,1.38403
2026-09-26T02:15:00Z,1.388864
2026-09-26T02:30:00Z,1.394768
2026-09-26T02:45:00Z,1.401718
2026-09-26T03:00:00Z,1.409684
2026-09-26T03:15:00Z,1.418632
2026-09-26T03:30:00Z,1.428524
2026-09-26T03:45:00Z,1.439317
2026-09-26T04:00:00Z,1.450965
2026-09-26T04:15:00Z,1.463419
2026-09-26T04:30:00Z,1.476624
2026-09-26T04:45:00Z,1.490524
2026-09-26T05:00:00Z,1.505061
2026-09-26T05:15:00Z,1.520171
2026-09-26T05:30:00Z,1.535789
2026-09-26T05:45:00Z,1.55185
2026-09-26T06:00:00Z,1.568284
2026-09-26T06:15:00Z,1.585021
2026-09-26T06:30:00Z,1.601989
2026-09-26T06:45:00Z,1.619115
2026-09-26T07:00:00Z,1.636326
2026-09-26T07:15:00Z,1.653549
2026-09-26T07:30:00Z,1.67071
2026-09-26T07:45:00Z,1.687735
2026-09-26T08:00:00Z,1.704551
2026-09-26T08:15:00Z,1.721086
2026-09-26T08:30:00Z,1.73727
2026-09-26T08:45:00Z,1.753033
2026-09-26T09:00:00Z,1.768308
2026-09-26T09:15:00Z,1.783029
2026-09-26T09:30:00Z,1.797134
2026-09-26T09:45:00Z,1.810561
2026-09-26T10:00:00Z,1.823254
2026-09-26T10:15:00Z,1.835157
2026-09-26T10:30:00Z,1.846221
2026-09-26T10:45:00Z,1.856397
2026-09-26T11:00:00Z,1.865642
2026-09-26T11:15:00Z,1.873917
2026-09-26T11:30:00Z,1.881186
2026-09-26T11:45:00Z,1.887418
2026-09-26T12:00:00Z,1.892586
2026-09-26T12:15:00Z,1.896668
2026-09-26T12:30:00Z,1.899646
2026-09-26T12:45:00Z,1.901509
2026-09-26T13:00:00Z,1.902247
2026-09-26T13:15:00Z,1.901859
2026-09-26T13:30:00Z,1.900344
2026-09-26T13:45:00Z,1.897711
2026-09-26T14:00:00Z,1.89397
2026-09-26T14:15:00Z,1.889136
2026-09-26T14:30:00Z,1.883232
2026-09-26T14:45:00Z,1.876282
2026-09-26T15:00:00Z,1.868316
2026-09-26T15:15:00Z,1.859368
2026-09-26T15:30:00Z,1.849476
2026-09-26T15:45:00Z,1.838683
2026-09-26T16:00:00Z,1.827035
2026-09-26T16:15:00Z,1.814581
2026-09-26T16:30:00Z,1.801376
2026-09-26T16:45:00Z,1.787476
2026-09-26T17:00:00Z,1.772939
2026-09-26T17:15:00Z,1.757829
2026-09-26T17:30:00Z,1.742211
2026-09-26T17:45:00Z,1.72615
2026-09-26T18:00:00Z,1.709716
2026-09-26T18:15:00Z,1.692979
2026-09-26T18:30:00Z,1.676011
2026-09-26T18:45:00Z,1.658885
2026-09-26T19:00:00Z,1.641674
2026-09-26T19:15:00Z,1.624451
2026-09-26T19:30:00Z,1.60729
2026-09-26T19:45:00Z,1.590265
2026-09-26T20:00:00Z,1.573449
2026-09-26T20:15:00Z,1.556914
2026-09-26T20:30:00Z,1.54073
2026-09-26T20:45:00Z,1.524967
2026-09-26T21:00:00Z,1.509692
2026-09-26T21:15:00Z,1.494971
2026-09-26T21:30:00Z,1.480866
2026-09-26T21:45:00Z,1.467439
2026-09-26T22:00:00Z,1.457746
2026-09-26T22:15:00Z,1.445843
2026-09-26T22:30:00Z,1.434779
2026-09-26T22:45:00Z,1.424603
2026-09-26T23:00:00Z,1.415358
2026-09-26T23:15:00Z,1.407083
2026-09-26T23:30:00Z,1.399814
2026-09-26T23:45:00Z,1.393582
2026-09-27T00:00:00Z,1.388414
2026-09-27T00:15:00Z,1.384332
2026-09-27T00:30:00Z,1.381354
2026-09-27T00:45:00Z,1.379491
2026-09-27T01:00:00Z,1.378753
2026-09-27T01:15:00Z,1.379141
2026-09-27T01:30:00Z,1.380656
2026-09-27T01:45:00Z,1.383289
2026-09-27T02:00:00Z,1.38703
2026-09-27T02:15:00Z,1.391864
2026-09-27T02:30:00Z,1.397768
2026-09-27T02:45:00Z,1.404718
2026-09-27T03:00:00Z,1.412684
2026-09-27T03:15:00Z,1.421632
2026-09-27T03:30:00Z,1.431524
2026-09-27T03:45:00Z,1.442317
2026-09-27T04:00:00Z,1.453965
2026-09-27T04:15:00Z,1.466419
2026-09-27T04:30:00Z,1.479624
2026-09-27T04:45:00Z,1.493524
2026-09-27T05:00:00Z,1.508061
2026-09-27T05:15:00Z,1.523171
2026-09-27T05:30:00Z,1.538789
2026-09-27T05:45:00Z,1.55485
2026-09-27T06:00:00Z,1.571284
2026-09-27T06:15:00Z,1.588021
2026-09-27T06:30:00Z,1.604989
2026-09-27T06:45:00Z,1.622115
2026-09-27T07:00:00Z,1.639326
2026-09-27T07:15:00Z,1.656549
2026-09-27T07:30:00Z,1.67371
2026-09-27T07:45:00Z,1.690735
2026-09-27T08:00:00Z,1.707551
2026-09-27T08:15:00Z,1.724086
2026-09-27T08:30:00Z,1.74027
2026-09-27T08:45:00Z,1.756033
2026-09-27T09:00:00Z,1.771308
2026-09-27T09:15:00Z,1.786029
2026-09-27T09:30:00Z,1.800134
2026-09-27T09:45:00Z,1.813561
2026-09-27T10:00:00Z,1.826254
2026-09-27T10:15:00Z,1.838157
2026-09-27T10:30:00Z,1.849221
2026-09-27T10:45:00Z,1.859397
2026-09-27T11:00:00Z,1.868642
2026-09-27T11:15:00Z,1.876917
2026-09-27T11:30:00Z,1.884186
2026-09-27T11:45:00Z,1.890418
2026-09-27T12:00:00Z,1.895586
2026-09-27T12:15:00Z,1.899668
2026-09-27T12:30:00Z,1.902646
2026-09-27T12:45:00Z,1.904509
2026-09-27T13:00:00Z,1.905247
2026-09-27T13:15:00Z,1.904859
2026-09-27T13:30:00Z,1.903344
2026-09-27T13:45:00Z,1.900711
2026-09-27T14:00:00Z,1.89697
2026-09-27T14:15:00Z,1.892136
2026-09-27T14:30:00Z,1.886232
2026-09-27T14:45:00Z,1.879282
2026-09-27T15:00:00Z,1.871316
2026-09-27T15:15:00Z,1.862368
2026-09-27T15:30:00Z,1.852476
2026-09-27T15:45:00Z,1.841683
2026-09-27T16:00:00Z,1.830035
2026-09-27T16:15:00Z,1.817581
2026-09-27T16:30:00Z,1.804376
2026-09-27T16:45:00Z,1.790476
2026-09-27T17:00:00Z,1.775939
2026-09-27T17:15:00Z,1.760829
2026-09-27T17:30:00Z,1.745211
2026-09-27T17:45:00Z,1.72915
2026-09-27T18:00:00Z,1.712716
2026-09-27T18:15:00Z,1.695979
2026-09-27T18:30:00Z,1.679011
2026-09-27T18:45:00Z,1.661885
2026-09-27T19:00:00Z,1.644674
2026-09-27T19:15:00Z,1.627451
2026-09-27T19:30:00Z,1.61029
2026-09-27T19:45:00Z,1.593265
2026-09-27T20:00:00Z,1.576449
2026-09-27T20:15:00Z,1.559914
2026-09-27T20:30:00Z,1.54373
2026-09-27T20:45:00Z,1.527967
2026-09-27T21:00:00Z,1.512692
2026-09-27T21:15:00Z,1.497971
2026-09-27T21:30:00Z,1.483866
2026-09-27T21:45:00Z,1.470439
